{"type":"FeatureCollection","features":[{"type":"Feature","id":"594115541","properties":{"meshId":"594115541","cityCode":"03202","population":{"2020":5.03,"2025":3.6274,"2030":2.767,"2035":0.0,"2040":0.0,"2045":0.0,"2050":0.0,"2055":0.0,"2060":0.0,"2065":0.0,"2070":0.0}},"geometry":{"type":"Polygon","coordinates":[[[141.675,39.458333333333336],[141.675,39.4625],[141.68125,39.4625],[141.68125,39.458333333333336],[141.675,39.458333333333336]]]}},{"type":"Feature","id":"594115731","properties":{"meshId":"594115731","cityCode":"03202","population":{"2020":5.0499,"2025":4.7546,"2030":4.2452,"2035":3.5395,"2040":0.0,"2045":0.0,"2050":0.0,"2055":0.0,"2060":0.0,"2065":0.0,"2070":0.0}},"geometry":{"type":"Polygon","coordinates":[[[141.6625,39.475],[141.6625,39.47916666666667],[141.66875,39.47916666666667],[141.66875,39.475],[141.6625,39.475]]]}},{"type":"Feature","id":"594115802","properties":{"meshId":"594115802","cityCode":"03202","population":{"2020":2.0225,"2025":1.9463,"2030":1.8219,"2035":1.6237,"2040":1.3412,"2045":1.0188,"2050":0.0,"2055":0.0,"2060":0.0,"2065":0.0,"2070":0.0}},"geometry":{"type":"Polygon","coordinates":[[[141.63125,39.48333333333334],[141.63125,39.4875],[141.6375,39.4875],[141.6375,39.48333333333334],[141.63125,39.48333333333334]]]}},{"type":"Feature","id":"594115804","properties":{"meshId":"594115804","cityCode":"03202","population":{"2020":8.0489,"2025":7.3654,"2030":6.9683,"2035":6.578,"2040":5.7659,"2045":4.6861,"2050":0.0,"2055":0.0,"2060":0.0,"2065":0.0,"2070":0.0}},"geometry":{"type":"Polygon","coordinates":[[[141.63125,39.4875],[141.63125,39.49166666666668],[141.6375,39.49166666666668],[141.6375,39.4875],[141.63125,39.4875]]]}},{"type":"Feature","id":"594115813","properties":{"meshId":"594115813","cityCode":"03202","population":{"2020":6.0567,"2025":5.12,"2030":4.7686,"2035":4.4229,"2040":4.0149,"2045":3.4748,"2050":0.0,"2055":0.0,"2060":0.0,"2065":0.0,"2070":0.0}},"geometry":{"type":"Polygon","coordinates":[[[141.6375,39.4875],[141.6375,39.49166666666668],[141.64375,39.49166666666668],[141.64375,39.4875],[141.6375,39.4875]]]}},{"type":"Feature","id":"594115814","properties":{"meshId":"594115814","cityCode":"03202","population":{"2020":3.0079,"2025":2.5063,"2030":1.9392,"2035":1.4254,"2040":1.0412,"2045":0.8461,"2050":0.0,"2055":0.0,"2060":0.0,"2065":0.0,"2070":0.0}},"geometry":{"type":"Polygon","coordinates":[[[141.64375,39.4875],[141.64375,39.49166666666668],[141.65,39.49166666666668],[141.65,39.4875],[141.64375,39.4875]]]}},{"type":"Feature","id":"594115821","properties":{"meshId":"594115821","cityCode":"03202","population":{"2020":1.0013,"2025":0.4619,"2030":0.1193,"2035":0.0319,"2040":0.0,"2045":0.0,"2050":0.0,"2055":0.0,"2060":0.0,"2065":0.0,"2070":0.0}},"geometry":{"type":"Polygon","coordinates":[[[141.65,39.48333333333334],[141.65,39.4875],[141.65625,39.4875],[141.65625,39.48333333333334],[141.65,39.48333333333334]]]}},{"type":"Feature","id":"594115823","properties":{"meshId":"594115823","cityCode":"03202","population":{"2020":5.0305,"2025":4.4074,"2030":3.6755,"2035":3.0643,"2040":0.0,"2045":0.0,"2050":0.0,"2055":0.0,"2060":0.0,"2065":0.0,"2070":0.0}},"geometry":{"type":"Polygon","coordinates":[[[141.65,39.4875],[141.65,39.49166666666668],[141.65625,39.49166666666668],[141.65625,39.4875],[141.65,39.4875]]]}},{"type":"Feature","id":"594115844","properties":{"meshId":"594115844","cityCode":"03202","population":{"2020":6.0327,"2025":5.0811,"2030":4.4283,"2035":3.7927,"2040":0.0,"2045":0.0,"2050":0.0,"2055":0.0,"2060":0.0,"2065":0.0,"2070":0.0}},"geometry":{"type":"Polygon","coordinates":[[[141.68125,39.4875],[141.68125,39.49166666666668],[141.6875,39.49166666666668],[141.6875,39.4875],[141.68125,39.4875]]]}},{"type":"Feature","id":"594115914","properties":{"meshId":"594115914","cityCode":"03202","population":{"2020":4.0425,"2025":3.8554,"2030":3.4477,"2035":3.1691,"2040":2.9935,"2045":2.8555,"2050":2.6828,"2055":2.4193,"2060":2.0701,"2065":1.6634,"2070":1.2757}},"geometry":{"type":"Polygon","coordinates":[[[141.64375,39.495833333333344],[141.64375,39.5],[141.65,39.5],[141.65,39.495833333333344],[141.64375,39.495833333333344]]]}},{"type":"Feature","id":"594115941","properties":{"meshId":"594115941","cityCode":"03202","population":{"2020":1.0016,"2025":0.6404,"2030":0.3005,"2035":0.0804,"2040":0.0224,"2045":0.0066,"2050":0.0019,"2055":0.0006,"2060":0.0,"2065":0.0,"2070":0.0}},"geometry":{"type":"Polygon","coordinates":[[[141.675,39.491666666666674],[141.675,39.495833333333344],[141.68125,39.495833333333344],[141.68125,39.491666666666674],[141.675,39.491666666666674]]]}},{"type":"Feature","id":"594115942","properties":{"meshId":"594115942","cityCode":"03202","population":{"2020":6.026,"2025":5.9775,"2030":5.6715,"2035":5.0635,"2040":4.2977,"2045":4.1911,"2050":4.0456,"2055":3.804,"2060":0.0,"2065":0.0,"2070":0.0}},"geometry":{"type":"Polygon","coordinates":[[[141.68125,39.491666666666674],[141.68125,39.495833333333344],[141.6875,39.495833333333344],[141.6875,39.491666666666674],[141.68125,39.491666666666674]]]}},{"type":"Feature","id":"594115943","properties":{"meshId":"594115943","cityCode":"03202","population":{"2020":12.0484,"2025":8.5347,"2030":6.4006,"2035":4.9413,"2040":3.5214,"2045":2.1313,"2050":0.9647,"2055":0.3648,"2060":0.0,"2065":0.0,"2070":0.0}},"geometry":{"type":"Polygon","coordinates":[[[141.675,39.495833333333344],[141.675,39.5],[141.68125,39.5],[141.68125,39.495833333333344],[141.675,39.495833333333344]]]}},{"type":"Feature","id":"594124453","properties":{"meshId":"594124453","cityCode":"03202","population":{"2020":4.0568,"2025":4.2144,"2030":4.1416,"2035":4.0407,"2040":3.9084,"2045":3.7274,"2050":3.4642,"2055":3.0917,"2060":2.6642,"2065":2.2383,"2070":1.9561}},"geometry":{"type":"Polygon","coordinates":[[[141.5625,39.5375],[141.5625,39.54166666666667],[141.56875,39.54166666666667],[141.56875,39.5375],[141.5625,39.5375]]]}},{"type":"Feature","id":"594124463","properties":{"meshId":"594124463","cityCode":"03202","population":{"2020":1.0122,"2025":0.0,"2030":0.0,"2035":0.0,"2040":0.0,"2045":0.0,"2050":0.0,"2055":0.0,"2060":0.0,"2065":0.0,"2070":0.0}},"geometry":{"type":"Polygon","coordinates":[[[141.575,39.5375],[141.575,39.54166666666667],[141.58125,39.54166666666667],[141.58125,39.5375],[141.575,39.5375]]]}},{"type":"Feature","id":"594124552","properties":{"meshId":"594124552","cityCode":"03202","population":{"2020":2.0034,"2025":0.0,"2030":0.0,"2035":0.0,"2040":0.0,"2045":0.0,"2050":0.0,"2055":0.0,"2060":0.0,"2065":0.0,"2070":0.0}},"geometry":{"type":"Polygon","coordinates":[[[141.56875,39.541666666666664],[141.56875,39.545833333333334],[141.575,39.545833333333334],[141.575,39.541666666666664],[141.56875,39.541666666666664]]]}},{"type":"Feature","id":"594124561","properties":{"meshId":"594124561","cityCode":"03202","population":{"2020":2.0154,"2025":1.9647,"2030":0.0,"2035":0.0,"2040":0.0,"2045":0.0,"2050":0.0,"2055":0.0,"2060":0.0,"2065":0.0,"2070":0.0}},"geometry":{"type":"Polygon","coordinates":[[[141.575,39.541666666666664],[141.575,39.545833333333334],[141.58125,39.545833333333334],[141.58125,39.541666666666664],[141.575,39.541666666666664]]]}},{"type":"Feature","id":"594124794","properties":{"meshId":"594124794","cityCode":"03202","population":{"2020":2.0065,"2025":0.0,"2030":0.0,"2035":0.0,"2040":0.0,"2045":0.0,"2050":0.0,"2055":0.0,"2060":0.0,"2065":0.0,"2070":0.0}},"geometry":{"type":"Polygon","coordinates":[[[141.61875,39.5625],[141.61875,39.56666666666667],[141.625,39.56666666666667],[141.625,39.5625],[141.61875,39.5625]]]}},{"type":"Feature","id":"594125014","properties":{"meshId":"594125014","cityCode":"03202","population":{"2020":3.0243,"2025":2.8973,"2030":2.7534,"2035":0.0,"2040":0.0,"2045":0.0,"2050":0.0,"2055":0.0,"2060":0.0,"2065":0.0,"2070":0.0}},"geometry":{"type":"Polygon","coordinates":[[[141.64375,39.50416666666667],[141.64375,39.50833333333334],[141.65,39.50833333333334],[141.65,39.50416666666667],[141.64375,39.50416666666667]]]}},{"type":"Feature","id":"594125023","properties":{"meshId":"594125023","cityCode":"03202","population":{"2020":2.0204,"2025":1.8112,"2030":1.5174,"2035":1.2173,"2040":0.9857,"2045":0.864,"2050":0.7622,"2055":0.6384,"2060":0.0,"2065":0.0,"2070":0.0}},"geometry":{"type":"Polygon","coordinates":[[[141.65,39.50416666666667],[141.65,39.50833333333334],[141.65625,39.50833333333334],[141.65625,39.50416666666667],[141.65,39.50416666666667]]]}},{"type":"Feature","id":"594125024","properties":{"meshId":"594125024","cityCode":"03202","population":{"2020":14.0922,"2025":12.0402,"2030":10.1643,"2035":8.0219,"2040":5.7094,"2045":3.6584,"2050":2.4943,"2055":1.7793,"2060":0.0,"2065":0.0,"2070":0.0}},"geometry":{"type":"Polygon","coordinates":[[[141.65625,39.50416666666667],[141.65625,39.50833333333334],[141.6625,39.50833333333334],[141.6625,39.50416666666667],[141.65625,39.50416666666667]]]}},{"type":"Feature","id":"594125032","properties":{"meshId":"594125032","cityCode":"03202","population":{"2020":4.026,"2025":3.2325,"2030":2.3235,"2035":1.5819,"2040":1.0948,"2045":0.738,"2050":0.4843,"2055":0.2586,"2060":0.0816,"2065":0.0,"2070":0.0}},"geometry":{"type":"Polygon","coordinates":[[[141.66875,39.5],[141.66875,39.50416666666667],[141.675,39.50416666666667],[141.675,39.5],[141.66875,39.5]]]}},{"type":"Feature","id":"594125034","properties":{"meshId":"594125034","cityCode":"03202","population":{"2020":24.1218,"2025":20.5779,"2030":17.7362,"2035":15.0151,"2040":12.6176,"2045":10.2602,"2050":8.0879,"2055":6.1826,"2060":4.9715,"2065":0.0,"2070":0.0}},"geometry":{"type":"Polygon","coordinates":[[[141.66875,39.50416666666667],[141.66875,39.50833333333334],[141.675,39.50833333333334],[141.675,39.50416666666667],[141.66875,39.50416666666667]]]}},{"type":"Feature","id":"594125041","properties":{"meshId":"594125041","cityCode":"03202","population":{"2020":14.071,"2025":10.6794,"2030":7.8736,"2035":5.8635,"2040":4.1139,"2045":2.6094,"2050":1.5741,"2055":0.7971,"2060":0.383,"2065":0.0,"2070":0.0}},"geometry":{"type":"Polygon","coordinates":[[[141.675,39.5],[141.675,39.50416666666667],[141.68125,39.50416666666667],[141.68125,39.5],[141.675,39.5]]]}},{"type":"Feature","id":"594125044","properties":{"meshId":"594125044","cityCode":"03202","population":{"2020":11.0658,"2025":8.8717,"2030":6.8923,"2035":5.1419,"2040":3.9467,"2045":3.1267,"2050":2.4621,"2055":1.9418,"2060":1.3932,"2065":0.0,"2070":0.0}},"geometry":{"type":"Polygon","coordinates":[[[141.68125,39.50416666666667],[141.68125,39.50833333333334],[141.6875,39.50833333333334],[141.6875,39.50416666666667],[141.68125,39.50416666666667]]]}},{"type":"Feature","id":"594125053","properties":{"meshId":"594125053","cityCode":"03202","population":{"2020":2.0154,"2025":1.9647,"2030":0.0,"2035":0.0,"2040":0.0,"2045":0.0,"2050":0.0,"2055":0.0,"2060":0.0,"2065":0.0,"2070":0.0}},"geometry":{"type":"Polygon","coordinates":[[[141.6875,39.50416666666667],[141.6875,39.50833333333334],[141.69375,39.50833333333334],[141.69375,39.50416666666667],[141.6875,39.50416666666667]]]}},{"type":"Feature","id":"594125122","properties":{"meshId":"594125122","cityCode":"03202","population":{"2020":5.0324,"2025":4.0976,"2030":3.2796,"2035":2.6352,"2040":0.0,"2045":0.0,"2050":0.0,"2055":0.0,"2060":0.0,"2065":0.0,"2070":0.0}},"geometry":{"type":"Polygon","coordinates":[[[141.65625,39.50833333333333],[141.65625,39.5125],[141.6625,39.5125],[141.6625,39.50833333333333],[141.65625,39.50833333333333]]]}},{"type":"Feature","id":"594125131","properties":{"meshId":"594125131","cityCode":"03202","population":{"2020":40.2284,"2025":35.8526,"2030":31.446,"2035":26.6873,"2040":24.2509,"2045":21.7586,"2050":19.7684,"2055":18.3053,"2060":16.6855,"2065":14.7849,"2070":12.5726}},"geometry":{"type":"Polygon","coordinates":[[[141.6625,39.50833333333333],[141.6625,39.5125],[141.66875,39.5125],[141.66875,39.50833333333333],[141.6625,39.50833333333333]]]}},{"type":"Feature","id":"594125132","properties":{"meshId":"594125132","cityCode":"03202","population":{"2020":15.0613,"2025":12.3888,"2030":9.6739,"2035":7.5392,"2040":5.7918,"2045":4.1241,"2050":2.7949,"2055":1.73,"2060":1.0661,"2065":0.4489,"2070":0.1896}},"geometry":{"type":"Polygon","coordinates":[[[141.66875,39.50833333333333],[141.66875,39.5125],[141.675,39.5125],[141.675,39.50833333333333],[141.66875,39.50833333333333]]]}},{"type":"Feature","id":"594125133","properties":{"meshId":"594125133","cityCode":"03202","population":{"2020":17.103,"2025":13.9757,"2030":11.5804,"2035":9.3753,"2040":7.3452,"2045":5.3001,"2050":3.7837,"2055":2.6112,"2060":1.9375,"2065":1.4369,"2070":1.0443}},"geometry":{"type":"Polygon","coordinates":[[[141.6625,39.5125],[141.6625,39.51666666666667],[141.66875,39.51666666666667],[141.66875,39.5125],[141.6625,39.5125]]]}},{"type":"Feature","id":"594125134","properties":{"meshId":"594125134","cityCode":"03202","population":{"2020":43.2983,"2025":38.9034,"2030":34.3866,"2035":29.2397,"2040":23.8388,"2045":18.4823,"2050":14.2109,"2055":11.2904,"2060":9.355,"2065":7.6344,"2070":5.9631}},"geometry":{"type":"Polygon","coordinates":[[[141.66875,39.5125],[141.66875,39.51666666666667],[141.675,39.51666666666667],[141.675,39.5125],[141.66875,39.5125]]]}},{"type":"Feature","id":"594125141","properties":{"meshId":"594125141","cityCode":"03202","population":{"2020":4.0171,"2025":3.361,"2030":2.8717,"2035":2.584,"2040":2.3075,"2045":1.915,"2050":0.0,"2055":0.0,"2060":0.0,"2065":0.0,"2070":0.0}},"geometry":{"type":"Polygon","coordinates":[[[141.675,39.50833333333333],[141.675,39.5125],[141.68125,39.5125],[141.68125,39.50833333333333],[141.675,39.50833333333333]]]}},{"type":"Feature","id":"594125142","properties":{"meshId":"594125142","cityCode":"03202","population":{"2020":5.0123,"2025":4.944,"2030":4.4661,"2035":3.7597,"2040":3.4918,"2045":3.5315,"2050":0.0,"2055":0.0,"2060":0.0,"2065":0.0,"2070":0.0}},"geometry":{"type":"Polygon","coordinates":[[[141.68125,39.50833333333333],[141.68125,39.5125],[141.6875,39.5125],[141.6875,39.50833333333333],[141.68125,39.50833333333333]]]}},{"type":"Feature","id":"594125224","properties":{"meshId":"594125224","cityCode":"03202","population":{"2020":13.0711,"2025":12.8717,"2030":12.1503,"2035":11.1624,"2040":10.1345,"2045":9.1145,"2050":7.9386,"2055":0.0,"2060":0.0,"2065":0.0,"2070":0.0}},"geometry":{"type":"Polygon","coordinates":[[[141.65625,39.520833333333336],[141.65625,39.525],[141.6625,39.525],[141.6625,39.520833333333336],[141.65625,39.520833333333336]]]}},{"type":"Feature","id":"594125231","properties":{"meshId":"594125231","cityCode":"03202","population":{"2020":7.0278,"2025":4.9433,"2030":3.3374,"2035":2.2408,"2040":1.4257,"2045":0.7409,"2050":0.3496,"2055":0.115,"2060":0.0391,"2065":0.0139,"2070":0.0}},"geometry":{"type":"Polygon","coordinates":[[[141.6625,39.516666666666666],[141.6625,39.520833333333336],[141.66875,39.520833333333336],[141.66875,39.516666666666666],[141.6625,39.516666666666666]]]}},{"type":"Feature","id":"594125232","properties":{"meshId":"594125232","cityCode":"03202","population":{"2020":31.2005,"2025":27.1731,"2030":22.7365,"2035":18.7159,"2040":15.0036,"2045":11.8338,"2050":9.4,"2055":7.7126,"2060":6.1233,"2065":5.0405,"2070":0.0}},"geometry":{"type":"Polygon","coordinates":[[[141.66875,39.516666666666666],[141.66875,39.520833333333336],[141.675,39.520833333333336],[141.675,39.516666666666666],[141.66875,39.516666666666666]]]}},{"type":"Feature","id":"594125233","properties":{"meshId":"594125233","cityCode":"03202","population":{"2020":19.1355,"2025":17.4459,"2030":15.516,"2035":13.6173,"2040":12.1681,"2045":10.4119,"2050":8.7522,"2055":7.184,"2060":5.9393,"2065":4.8953,"2070":0.0}},"geometry":{"type":"Polygon","coordinates":[[[141.6625,39.520833333333336],[141.6625,39.525],[141.66875,39.525],[141.66875,39.520833333333336],[141.6625,39.520833333333336]]]}},{"type":"Feature","id":"594125313","properties":{"meshId":"594125313","cityCode":"03202","population":{"2020":23.1385,"2025":20.9592,"2030":19.3243,"2035":17.9996,"2040":16.219,"2045":13.8882,"2050":11.6946,"2055":10.0433,"2060":9.0428,"2065":8.3642,"2070":7.5777}},"geometry":{"type":"Polygon","coordinates":[[[141.6375,39.52916666666667],[141.6375,39.53333333333334],[141.64375,39.53333333333334],[141.64375,39.52916666666667],[141.6375,39.52916666666667]]]}},{"type":"Feature","id":"594125314","properties":{"meshId":"594125314","cityCode":"03202","population":{"2020":20.1539,"2025":17.8374,"2030":14.9905,"2035":12.2072,"2040":9.7324,"2045":7.8755,"2050":6.4261,"2055":5.3204,"2060":4.3239,"2065":3.2904,"2070":2.1791}},"geometry":{"type":"Polygon","coordinates":[[[141.64375,39.52916666666667],[141.64375,39.53333333333334],[141.65,39.53333333333334],[141.65,39.52916666666667],[141.64375,39.52916666666667]]]}},{"type":"Feature","id":"594125324","properties":{"meshId":"594125324","cityCode":"03202","population":{"2020":26.1287,"2025":20.8877,"2030":16.3865,"2035":12.7199,"2040":9.6605,"2045":7.3219,"2050":5.4204,"2055":3.8752,"2060":2.814,"2065":0.0,"2070":0.0}},"geometry":{"type":"Polygon","coordinates":[[[141.65625,39.52916666666667],[141.65625,39.53333333333334],[141.6625,39.53333333333334],[141.6625,39.52916666666667],[141.65625,39.52916666666667]]]}},{"type":"Feature","id":"594125331","properties":{"meshId":"594125331","cityCode":"03202","population":{"2020":14.0894,"2025":12.7337,"2030":11.5364,"2035":10.6832,"2040":9.7304,"2045":8.6994,"2050":7.708,"2055":6.7031,"2060":5.6868,"2065":4.8722,"2070":4.3023}},"geometry":{"type":"Polygon","coordinates":[[[141.6625,39.525],[141.6625,39.52916666666667],[141.66875,39.52916666666667],[141.66875,39.525],[141.6625,39.525]]]}},{"type":"Feature","id":"594125333","properties":{"meshId":"594125333","cityCode":"03202","population":{"2020":6.0339,"2025":5.5205,"2030":5.369,"2035":5.418,"2040":5.2442,"2045":4.9437,"2050":4.4828,"2055":4.0668,"2060":3.6695,"2065":3.2573,"2070":2.8612}},"geometry":{"type":"Polygon","coordinates":[[[141.6625,39.52916666666667],[141.6625,39.53333333333334],[141.66875,39.53333333333334],[141.66875,39.52916666666667],[141.6625,39.52916666666667]]]}},{"type":"Feature","id":"594125363","properties":{"meshId":"594125363","cityCode":"03202","population":{"2020":4.0328,"2025":3.7539,"2030":3.4405,"2035":0.0,"2040":0.0,"2045":0.0,"2050":0.0,"2055":0.0,"2060":0.0,"2065":0.0,"2070":0.0}},"geometry":{"type":"Polygon","coordinates":[[[141.7,39.52916666666667],[141.7,39.53333333333334],[141.70625,39.53333333333334],[141.70625,39.52916666666667],[141.7,39.52916666666667]]]}},{"type":"Feature","id":"594125411","properties":{"meshId":"594125411","cityCode":"03202","population":{"2020":4.0123,"2025":3.0985,"2030":1.9964,"2035":0.9513,"2040":0.3348,"2045":0.1266,"2050":0.0,"2055":0.0,"2060":0.0,"2065":0.0,"2070":0.0}},"geometry":{"type":"Polygon","coordinates":[[[141.6375,39.53333333333333],[141.6375,39.5375],[141.64375,39.5375],[141.64375,39.53333333333333],[141.6375,39.53333333333333]]]}},{"type":"Feature","id":"594125412","properties":{"meshId":"594125412","cityCode":"03202","population":{"2020":9.0259,"2025":6.2484,"2030":4.6437,"2035":3.2006,"2040":1.8281,"2045":0.8516,"2050":0.0,"2055":0.0,"2060":0.0,"2065":0.0,"2070":0.0}},"geometry":{"type":"Polygon","coordinates":[[[141.64375,39.53333333333333],[141.64375,39.5375],[141.65,39.5375],[141.65,39.53333333333333],[141.64375,39.53333333333333]]]}},{"type":"Feature","id":"594125421","properties":{"meshId":"594125421","cityCode":"03202","population":{"2020":38.2172,"2025":33.178,"2030":27.8945,"2035":22.7072,"2040":17.6072,"2045":13.2291,"2050":9.7063,"2055":7.064,"2060":4.9512,"2065":3.7303,"2070":3.0261}},"geometry":{"type":"Polygon","coordinates":[[[141.65,39.53333333333333],[141.65,39.5375],[141.65625,39.5375],[141.65625,39.53333333333333],[141.65,39.53333333333333]]]}},{"type":"Feature","id":"594125422","properties":{"meshId":"594125422","cityCode":"03202","population":{"2020":31.1709,"2025":27.3197,"2030":22.8519,"2035":19.0592,"2040":16.0695,"2045":13.5825,"2050":11.049,"2055":9.1089,"2060":7.2885,"2065":5.954,"2070":4.9023}},"geometry":{"type":"Polygon","coordinates":[[[141.65625,39.53333333333333],[141.65625,39.5375],[141.6625,39.5375],[141.6625,39.53333333333333],[141.65625,39.53333333333333]]]}},{"type":"Feature","id":"594125424","properties":{"meshId":"594125424","cityCode":"03202","population":{"2020":26.2083,"2025":23.6098,"2030":21.4055,"2035":19.3044,"2040":16.746,"2045":14.1555,"2050":11.8334,"2055":10.2813,"2060":8.8239,"2065":7.316,"2070":6.0271}},"geometry":{"type":"Polygon","coordinates":[[[141.65625,39.5375],[141.65625,39.54166666666667],[141.6625,39.54166666666667],[141.6625,39.5375],[141.65625,39.5375]]]}},{"type":"Feature","id":"594125452","properties":{"meshId":"594125452","cityCode":"03202","population":{"2020":1.0075,"2025":0.8702,"2030":0.6978,"2035":0.4712,"2040":0.2371,"2045":0.0703,"2050":0.0206,"2055":0.0063,"2060":0.002,"2065":0.0006,"2070":0.0002}},"geometry":{"type":"Polygon","coordinates":[[[141.69375,39.53333333333333],[141.69375,39.5375],[141.7,39.5375],[141.7,39.53333333333333],[141.69375,39.53333333333333]]]}},{"type":"Feature","id":"594125453","properties":{"meshId":"594125453","cityCode":"03202","population":{"2020":4.0347,"2025":3.9266,"2030":3.4903,"2035":3.02,"2040":2.6366,"2045":2.3124,"2050":2.1412,"2055":2.0008,"2060":1.8301,"2065":1.5872,"2070":1.2513}},"geometry":{"type":"Polygon","coordinates":[[[141.6875,39.5375],[141.6875,39.54166666666667],[141.69375,39.54166666666667],[141.69375,39.5375],[141.6875,39.5375]]]}},{"type":"Feature","id":"594125454","properties":{"meshId":"594125454","cityCode":"03202","population":{"2020":2.0054,"2025":1.5273,"2030":0.998,"2035":0.5196,"2040":0.194,"2045":0.077,"2050":0.0302,"2055":0.0117,"2060":0.0046,"2065":0.0019,"2070":0.0008}},"geometry":{"type":"Polygon","coordinates":[[[141.69375,39.5375],[141.69375,39.54166666666667],[141.7,39.54166666666667],[141.7,39.5375],[141.69375,39.5375]]]}},{"type":"Feature","id":"594125461","properties":{"meshId":"594125461","cityCode":"03202","population":{"2020":2.0112,"2025":1.9654,"2030":0.0,"2035":0.0,"2040":0.0,"2045":0.0,"2050":0.0,"2055":0.0,"2060":0.0,"2065":0.0,"2070":0.0}},"geometry":{"type":"Polygon","coordinates":[[[141.7,39.53333333333333],[141.7,39.5375],[141.70625,39.5375],[141.70625,39.53333333333333],[141.7,39.53333333333333]]]}},{"type":"Feature","id":"594125522","properties":{"meshId":"594125522","cityCode":"03202","population":{"2020":11.0675,"2025":9.4439,"2030":7.9399,"2035":6.5259,"2040":5.4292,"2045":4.3971,"2050":3.5925,"2055":3.0203,"2060":0.0,"2065":0.0,"2070":0.0}},"geometry":{"type":"Polygon","coordinates":[[[141.65625,39.541666666666664],[141.65625,39.545833333333334],[141.6625,39.545833333333334],[141.6625,39.541666666666664],[141.65625,39.541666666666664]]]}},{"type":"Feature","id":"594125524","properties":{"meshId":"594125524","cityCode":"03202","population":{"2020":6.0279,"2025":4.9826,"2030":3.9718,"2035":3.1043,"2040":2.3666,"2045":1.6068,"2050":0.8726,"2055":0.3214,"2060":0.0,"2065":0.0,"2070":0.0}},"geometry":{"type":"Polygon","coordinates":[[[141.65625,39.545833333333334],[141.65625,39.55],[141.6625,39.55],[141.6625,39.545833333333334],[141.65625,39.545833333333334]]]}},{"type":"Feature","id":"594125534","properties":{"meshId":"594125534","cityCode":"03202","population":{"2020":14.0891,"2025":11.5491,"2030":9.5764,"2035":8.2462,"2040":7.0049,"2045":5.7027,"2050":4.6576,"2055":0.0,"2060":0.0,"2065":0.0,"2070":0.0}},"geometry":{"type":"Polygon","coordinates":[[[141.66875,39.545833333333334],[141.66875,39.55],[141.675,39.55],[141.675,39.545833333333334],[141.66875,39.545833333333334]]]}},{"type":"Feature","id":"594125542","properties":{"meshId":"594125542","cityCode":"03202","population":{"2020":6.0395,"2025":5.1668,"2030":4.1926,"2035":3.3753,"2040":2.5858,"2045":1.7851,"2050":0.9843,"2055":0.3403,"2060":0.1216,"2065":0.0459,"2070":0.0179}},"geometry":{"type":"Polygon","coordinates":[[[141.68125,39.541666666666664],[141.68125,39.545833333333334],[141.6875,39.545833333333334],[141.6875,39.541666666666664],[141.68125,39.541666666666664]]]}},{"type":"Feature","id":"594125543","properties":{"meshId":"594125543","cityCode":"03202","population":{"2020":10.0916,"2025":9.3005,"2030":8.4475,"2035":7.2428,"2040":6.0954,"2045":5.1436,"2050":4.4336,"2055":3.97,"2060":3.6278,"2065":3.2674,"2070":2.8219}},"geometry":{"type":"Polygon","coordinates":[[[141.675,39.545833333333334],[141.675,39.55],[141.68125,39.55],[141.68125,39.545833333333334],[141.675,39.545833333333334]]]}},{"type":"Feature","id":"594125544","properties":{"meshId":"594125544","cityCode":"03202","population":{"2020":4.0393,"2025":4.4066,"2030":4.486,"2035":4.3267,"2040":4.0851,"2045":3.7374,"2050":3.4344,"2055":3.1509,"2060":2.8907,"2065":2.5445,"2070":2.2926}},"geometry":{"type":"Polygon","coordinates":[[[141.68125,39.545833333333334],[141.68125,39.55],[141.6875,39.55],[141.6875,39.545833333333334],[141.68125,39.545833333333334]]]}},{"type":"Feature","id":"594125622","properties":{"meshId":"594125622","cityCode":"03202","population":{"2020":8.0676,"2025":7.7158,"2030":7.5697,"2035":6.9907,"2040":6.391,"2045":5.6962,"2050":0.0,"2055":0.0,"2060":0.0,"2065":0.0,"2070":0.0}},"geometry":{"type":"Polygon","coordinates":[[[141.65625,39.55],[141.65625,39.55416666666667],[141.6625,39.55416666666667],[141.6625,39.55],[141.65625,39.55]]]}},{"type":"Feature","id":"594125624","properties":{"meshId":"594125624","cityCode":"03202","population":{"2020":2.0098,"2025":1.8251,"2030":1.5836,"2035":1.2663,"2040":0.8805,"2045":0.4977,"2050":0.0,"2055":0.0,"2060":0.0,"2065":0.0,"2070":0.0}},"geometry":{"type":"Polygon","coordinates":[[[141.65625,39.55416666666667],[141.65625,39.55833333333334],[141.6625,39.55833333333334],[141.6625,39.55416666666667],[141.65625,39.55416666666667]]]}},{"type":"Feature","id":"594125632","properties":{"meshId":"594125632","cityCode":"03202","population":{"2020":3.0212,"2025":2.2953,"2030":1.9499,"2035":1.6718,"2040":1.36,"2045":0.0,"2050":0.0,"2055":0.0,"2060":0.0,"2065":0.0,"2070":0.0}},"geometry":{"type":"Polygon","coordinates":[[[141.66875,39.55],[141.66875,39.55416666666667],[141.675,39.55416666666667],[141.675,39.55],[141.66875,39.55]]]}},{"type":"Feature","id":"594125633","properties":{"meshId":"594125633","cityCode":"03202","population":{"2020":4.0323,"2025":3.7714,"2030":3.4055,"2035":2.89,"2040":2.2217,"2045":0.0,"2050":0.0,"2055":0.0,"2060":0.0,"2065":0.0,"2070":0.0}},"geometry":{"type":"Polygon","coordinates":[[[141.6625,39.55416666666667],[141.6625,39.55833333333334],[141.66875,39.55833333333334],[141.66875,39.55416666666667],[141.6625,39.55416666666667]]]}},{"type":"Feature","id":"594125701","properties":{"meshId":"594125701","cityCode":"03202","population":{"2020":3.0359,"2025":3.1987,"2030":3.1081,"2035":3.0115,"2040":2.8771,"2045":2.6908,"2050":2.4432,"2055":2.0959,"2060":1.7075,"2065":1.3483,"2070":1.1449}},"geometry":{"type":"Polygon","coordinates":[[[141.625,39.55833333333333],[141.625,39.5625],[141.63125,39.5625],[141.63125,39.55833333333333],[141.625,39.55833333333333]]]}},{"type":"Feature","id":"594125702","properties":{"meshId":"594125702","cityCode":"03202","population":{"2020":0.9987,"2025":0.349,"2030":0.128,"2035":0.0481,"2040":0.0188,"2045":0.0077,"2050":0.0031,"2055":0.0012,"2060":0.0005,"2065":0.0002,"2070":0.0001}},"geometry":{"type":"Polygon","coordinates":[[[141.63125,39.55833333333333],[141.63125,39.5625],[141.6375,39.5625],[141.6375,39.55833333333333],[141.63125,39.55833333333333]]]}},{"type":"Feature","id":"594125703","properties":{"meshId":"594125703","cityCode":"03202","population":{"2020":1.9987,"2025":0.6035,"2030":0.194,"2035":0.0658,"2040":0.0237,"2045":0.0092,"2050":0.0035,"2055":0.0013,"2060":0.0005,"2065":0.0002,"2070":0.0001}},"geometry":{"type":"Polygon","coordinates":[[[141.625,39.5625],[141.625,39.56666666666667],[141.63125,39.56666666666667],[141.63125,39.5625],[141.625,39.5625]]]}},{"type":"Feature","id":"594125722","properties":{"meshId":"594125722","cityCode":"03202","population":{"2020":2.0153,"2025":1.8627,"2030":0.0,"2035":0.0,"2040":0.0,"2045":0.0,"2050":0.0,"2055":0.0,"2060":0.0,"2065":0.0,"2070":0.0}},"geometry":{"type":"Polygon","coordinates":[[[141.65625,39.55833333333333],[141.65625,39.5625],[141.6625,39.5625],[141.6625,39.55833333333333],[141.65625,39.55833333333333]]]}},{"type":"Feature","id":"594125733","properties":{"meshId":"594125733","cityCode":"03202","population":{"2020":19.1315,"2025":16.2138,"2030":13.2251,"2035":10.9274,"2040":9.3305,"2045":7.881,"2050":6.7735,"2055":5.7683,"2060":4.8617,"2065":3.9967,"2070":3.335}},"geometry":{"type":"Polygon","coordinates":[[[141.6625,39.5625],[141.6625,39.56666666666667],[141.66875,39.56666666666667],[141.66875,39.5625],[141.6625,39.5625]]]}},{"type":"Feature","id":"594125822","properties":{"meshId":"594125822","cityCode":"03202","population":{"2020":14.0995,"2025":12.4134,"2030":10.5116,"2035":8.8996,"2040":7.2552,"2045":5.659,"2050":4.2746,"2055":0.0,"2060":0.0,"2065":0.0,"2070":0.0}},"geometry":{"type":"Polygon","coordinates":[[[141.65625,39.56666666666667],[141.65625,39.57083333333334],[141.6625,39.57083333333334],[141.6625,39.56666666666667],[141.65625,39.56666666666667]]]}},{"type":"Feature","id":"594125933","properties":{"meshId":"594125933","cityCode":"03202","population":{"2020":3.0347,"2025":2.9258,"2030":2.7478,"2035":0.0,"2040":0.0,"2045":0.0,"2050":0.0,"2055":0.0,"2060":0.0,"2065":0.0,"2070":0.0}},"geometry":{"type":"Polygon","coordinates":[[[141.6625,39.57916666666667],[141.6625,39.58333333333334],[141.66875,39.58333333333334],[141.66875,39.57916666666667],[141.6625,39.57916666666667]]]}},{"type":"Feature","id":"594126663","properties":{"meshId":"594126663","cityCode":"03202","population":{"2020":11.0447,"2025":9.7559,"2030":8.5674,"2035":8.0249,"2040":7.6499,"2045":7.41,"2050":0.0,"2055":0.0,"2060":0.0,"2065":0.0,"2070":0.0}},"geometry":{"type":"Polygon","coordinates":[[[141.825,39.55416666666667],[141.825,39.55833333333334],[141.83125,39.55833333333334],[141.83125,39.55416666666667],[141.825,39.55416666666667]]]}},{"type":"Feature","id":"594126752","properties":{"meshId":"594126752","cityCode":"03202","population":{"2020":5.0199,"2025":4.3352,"2030":3.4239,"2035":3.1409,"2040":2.8445,"2045":2.6805,"2050":2.5991,"2055":2.5048,"2060":2.3531,"2065":2.1169,"2070":1.7799}},"geometry":{"type":"Polygon","coordinates":[[[141.81875,39.55833333333333],[141.81875,39.5625],[141.825,39.5625],[141.825,39.55833333333333],[141.81875,39.55833333333333]]]}},{"type":"Feature","id":"594126754","properties":{"meshId":"594126754","cityCode":"03202","population":{"2020":17.1195,"2025":15.758,"2030":15.4082,"2035":15.7911,"2040":15.7794,"2045":15.0342,"2050":13.9679,"2055":12.6458,"2060":11.6944,"2065":10.896,"2070":10.2483}},"geometry":{"type":"Polygon","coordinates":[[[141.81875,39.5625],[141.81875,39.56666666666667],[141.825,39.56666666666667],[141.825,39.5625],[141.81875,39.5625]]]}},{"type":"Feature","id":"594126761","properties":{"meshId":"594126761","cityCode":"03202","population":{"2020":5.0468,"2025":4.728,"2030":4.2922,"2035":3.6813,"2040":2.9126,"2045":2.067,"2050":0.0,"2055":0.0,"2060":0.0,"2065":0.0,"2070":0.0}},"geometry":{"type":"Polygon","coordinates":[[[141.825,39.55833333333333],[141.825,39.5625],[141.83125,39.5625],[141.83125,39.55833333333333],[141.825,39.55833333333333]]]}},{"type":"Feature","id":"594126762","properties":{"meshId":"594126762","cityCode":"03202","population":{"2020":5.0451,"2025":4.5021,"2030":3.7362,"2035":2.9035,"2040":2.4054,"2045":1.9344,"2050":0.0,"2055":0.0,"2060":0.0,"2065":0.0,"2070":0.0}},"geometry":{"type":"Polygon","coordinates":[[[141.83125,39.55833333333333],[141.83125,39.5625],[141.8375,39.5625],[141.8375,39.55833333333333],[141.83125,39.55833333333333]]]}},{"type":"Feature","id":"594126771","properties":{"meshId":"594126771","cityCode":"03202","population":{"2020":5.0222,"2025":4.0756,"2030":3.462,"2035":2.8443,"2040":2.2127,"2045":0.0,"2050":0.0,"2055":0.0,"2060":0.0,"2065":0.0,"2070":0.0}},"geometry":{"type":"Polygon","coordinates":[[[141.8375,39.55833333333333],[141.8375,39.5625],[141.84375,39.5625],[141.84375,39.55833333333333],[141.8375,39.55833333333333]]]}},{"type":"Feature","id":"594126772","properties":{"meshId":"594126772","cityCode":"03202","population":{"2020":3.0394,"2025":2.9306,"2030":2.6941,"2035":2.3701,"2040":2.0021,"2045":0.0,"2050":0.0,"2055":0.0,"2060":0.0,"2065":0.0,"2070":0.0}},"geometry":{"type":"Polygon","coordinates":[[[141.84375,39.55833333333333],[141.84375,39.5625],[141.85,39.5625],[141.85,39.55833333333333],[141.84375,39.55833333333333]]]}},{"type":"Feature","id":"594126844","properties":{"meshId":"594126844","cityCode":"03202","population":{"2020":5.0358,"2025":3.9538,"2030":3.0881,"2035":2.6331,"2040":0.0,"2045":0.0,"2050":0.0,"2055":0.0,"2060":0.0,"2065":0.0,"2070":0.0}},"geometry":{"type":"Polygon","coordinates":[[[141.80625,39.57083333333334],[141.80625,39.575],[141.8125,39.575],[141.8125,39.57083333333334],[141.80625,39.57083333333334]]]}},{"type":"Feature","id":"594126853","properties":{"meshId":"594126853","cityCode":"03202","population":{"2020":2.0147,"2025":1.9584,"2030":0.0,"2035":0.0,"2040":0.0,"2045":0.0,"2050":0.0,"2055":0.0,"2060":0.0,"2065":0.0,"2070":0.0}},"geometry":{"type":"Polygon","coordinates":[[[141.8125,39.57083333333334],[141.8125,39.575],[141.81875,39.575],[141.81875,39.57083333333334],[141.8125,39.57083333333334]]]}},{"type":"Feature","id":"594126942","properties":{"meshId":"594126942","cityCode":"03202","population":{"2020":2.0165,"2025":1.7613,"2030":0.0,"2035":0.0,"2040":0.0,"2045":0.0,"2050":0.0,"2055":0.0,"2060":0.0,"2065":0.0,"2070":0.0}},"geometry":{"type":"Polygon","coordinates":[[[141.80625,39.575],[141.80625,39.57916666666667],[141.8125,39.57916666666667],[141.8125,39.575],[141.80625,39.575]]]}},{"type":"Feature","id":"594126951","properties":{"meshId":"594126951","cityCode":"03202","population":{"2020":5.0302,"2025":4.2961,"2030":3.4358,"2035":2.785,"2040":0.0,"2045":0.0,"2050":0.0,"2055":0.0,"2060":0.0,"2065":0.0,"2070":0.0}},"geometry":{"type":"Polygon","coordinates":[[[141.8125,39.575],[141.8125,39.57916666666667],[141.81875,39.57916666666667],[141.81875,39.575],[141.8125,39.575]]]}},{"type":"Feature","id":"594126962","properties":{"meshId":"594126962","cityCode":"03202","population":{"2020":3.0243,"2025":2.6981,"2030":2.2149,"2035":0.0,"2040":0.0,"2045":0.0,"2050":0.0,"2055":0.0,"2060":0.0,"2065":0.0,"2070":0.0}},"geometry":{"type":"Polygon","coordinates":[[[141.83125,39.575],[141.83125,39.57916666666667],[141.8375,39.57916666666667],[141.8375,39.575],[141.83125,39.575]]]}},{"type":"Feature","id":"594126973","properties":{"meshId":"594126973","cityCode":"03202","population":{"2020":4.034,"2025":3.735,"2030":3.3063,"2035":0.0,"2040":0.0,"2045":0.0,"2050":0.0,"2055":0.0,"2060":0.0,"2065":0.0,"2070":0.0}},"geometry":{"type":"Polygon","coordinates":[[[141.8375,39.57916666666667],[141.8375,39.58333333333334],[141.84375,39.58333333333334],[141.84375,39.57916666666667],[141.8375,39.57916666666667]]]}},{"type":"Feature","id":"594126983","properties":{"meshId":"594126983","cityCode":"03202","population":{"2020":11.0834,"2025":9.6435,"2030":9.045,"2035":8.2833,"2040":7.4737,"2045":6.4394,"2050":0.0,"2055":0.0,"2060":0.0,"2065":0.0,"2070":0.0}},"geometry":{"type":"Polygon","coordinates":[[[141.85,39.57916666666667],[141.85,39.58333333333334],[141.85625,39.58333333333334],[141.85625,39.57916666666667],[141.85,39.57916666666667]]]}},{"type":"Feature","id":"594127631","properties":{"meshId":"594127631","cityCode":"03202","population":{"2020":18.0997,"2025":15.7047,"2030":13.442,"2035":11.3323,"2040":9.8382,"2045":8.1724,"2050":6.1654,"2055":4.3554,"2060":3.2221,"2065":2.5888,"2070":2.2804}},"geometry":{"type":"Polygon","coordinates":[[[141.9125,39.55],[141.9125,39.55416666666667],[141.91875,39.55416666666667],[141.91875,39.55],[141.9125,39.55]]]}},{"type":"Feature","id":"594127633","properties":{"meshId":"594127633","cityCode":"03202","population":{"2020":36.223,"2025":34.1031,"2030":32.0683,"2035":30.7022,"2040":28.237,"2045":24.7539,"2050":21.4879,"2055":18.6627,"2060":16.5416,"2065":14.8328,"2070":13.1428}},"geometry":{"type":"Polygon","coordinates":[[[141.9125,39.55416666666667],[141.9125,39.55833333333334],[141.91875,39.55833333333334],[141.91875,39.55416666666667],[141.9125,39.55416666666667]]]}},{"type":"Feature","id":"594127634","properties":{"meshId":"594127634","cityCode":"03202","population":{"2020":47.2892,"2025":44.0763,"2030":39.5773,"2035":35.8825,"2040":31.4284,"2045":26.7837,"2050":21.9703,"2055":17.6737,"2060":14.9197,"2065":12.8825,"2070":11.0932}},"geometry":{"type":"Polygon","coordinates":[[[141.91875,39.55416666666667],[141.91875,39.55833333333334],[141.925,39.55833333333334],[141.925,39.55416666666667],[141.91875,39.55416666666667]]]}},{"type":"Feature","id":"594127732","properties":{"meshId":"594127732","cityCode":"03202","population":{"2020":48.2916,"2025":43.943,"2030":40.6917,"2035":38.9439,"2040":36.3229,"2045":32.8755,"2050":29.4991,"2055":26.2905,"2060":23.7769,"2065":21.2708,"2070":18.8441}},"geometry":{"type":"Polygon","coordinates":[[[141.91875,39.55833333333333],[141.91875,39.5625],[141.925,39.5625],[141.925,39.55833333333333],[141.91875,39.55833333333333]]]}},{"type":"Feature","id":"594127741","properties":{"meshId":"594127741","cityCode":"03202","population":{"2020":59.3644,"2025":54.36,"2030":49.8246,"2035":44.7241,"2040":38.7067,"2045":32.7189,"2050":26.8018,"2055":21.9994,"2060":18.0865,"2065":14.8301,"2070":12.4319}},"geometry":{"type":"Polygon","coordinates":[[[141.925,39.55833333333333],[141.925,39.5625],[141.93125,39.5625],[141.93125,39.55833333333333],[141.925,39.55833333333333]]]}},{"type":"Feature","id":"594127742","properties":{"meshId":"594127742","cityCode":"03202","population":{"2020":138.0072,"2025":130.2114,"2030":122.3113,"2035":113.2103,"2040":103.9405,"2045":93.6043,"2050":83.0178,"2055":73.0664,"2060":62.6546,"2065":52.7431,"2070":44.6416}},"geometry":{"type":"Polygon","coordinates":[[[141.93125,39.55833333333333],[141.93125,39.5625],[141.9375,39.5625],[141.9375,39.55833333333333],[141.93125,39.55833333333333]]]}},{"type":"Feature","id":"594127743","properties":{"meshId":"594127743","cityCode":"03202","population":{"2020":334.0149,"2025":293.225,"2030":265.1968,"2035":238.6057,"2040":213.0993,"2045":189.2195,"2050":168.2341,"2055":150.6824,"2060":133.766,"2065":116.0673,"2070":99.9914}},"geometry":{"type":"Polygon","coordinates":[[[141.925,39.5625],[141.925,39.56666666666667],[141.93125,39.56666666666667],[141.93125,39.5625],[141.925,39.5625]]]}},{"type":"Feature","id":"594127744","properties":{"meshId":"594127744","cityCode":"03202","population":{"2020":169.0963,"2025":157.2375,"2030":145.1882,"2035":135.527,"2040":125.3979,"2045":115.4622,"2050":105.374,"2055":94.7028,"2060":83.5372,"2065":72.5468,"2070":62.5835}},"geometry":{"type":"Polygon","coordinates":[[[141.93125,39.5625],[141.93125,39.56666666666667],[141.9375,39.56666666666667],[141.9375,39.5625],[141.93125,39.5625]]]}},{"type":"Feature","id":"594127751","properties":{"meshId":"594127751","cityCode":"03202","population":{"2020":85.5425,"2025":81.0509,"2030":73.9684,"2035":67.0502,"2040":61.6722,"2045":56.0637,"2050":51.3704,"2055":46.7684,"2060":41.5732,"2065":36.6058,"2070":31.6251}},"geometry":{"type":"Polygon","coordinates":[[[141.9375,39.55833333333333],[141.9375,39.5625],[141.94375,39.5625],[141.94375,39.55833333333333],[141.9375,39.55833333333333]]]}},{"type":"Feature","id":"594127753","properties":{"meshId":"594127753","cityCode":"03202","population":{"2020":102.6759,"2025":97.4281,"2030":90.4631,"2035":83.3757,"2040":78.2224,"2045":73.2003,"2050":68.141,"2055":62.2151,"2060":55.6625,"2065":48.6397,"2070":42.1844}},"geometry":{"type":"Polygon","coordinates":[[[141.9375,39.5625],[141.9375,39.56666666666667],[141.94375,39.56666666666667],[141.94375,39.5625],[141.9375,39.5625]]]}},{"type":"Feature","id":"594127821","properties":{"meshId":"594127821","cityCode":"03202","population":{"2020":21.1735,"2025":19.5782,"2030":17.6093,"2035":16.1637,"2040":14.2271,"2045":11.7891,"2050":9.1761,"2055":6.8438,"2060":5.2916,"2065":4.4875,"2070":3.9954}},"geometry":{"type":"Polygon","coordinates":[[[141.9,39.56666666666667],[141.9,39.57083333333334],[141.90625,39.57083333333334],[141.90625,39.56666666666667],[141.9,39.56666666666667]]]}},{"type":"Feature","id":"594127822","properties":{"meshId":"594127822","cityCode":"03202","population":{"2020":2.0163,"2025":1.8669,"2030":1.7153,"2035":1.5036,"2040":1.2187,"2045":0.8659,"2050":0.4977,"2055":0.1907,"2060":0.0746,"2065":0.0309,"2070":0.013}},"geometry":{"type":"Polygon","coordinates":[[[141.90625,39.56666666666667],[141.90625,39.57083333333334],[141.9125,39.57083333333334],[141.9125,39.56666666666667],[141.90625,39.56666666666667]]]}},{"type":"Feature","id":"594127831","properties":{"meshId":"594127831","cityCode":"03202","population":{"2020":58.3434,"2025":55.3131,"2030":51.1706,"2035":45.6673,"2040":41.1238,"2045":38.5972,"2050":36.1106,"2055":33.2676,"2060":29.6673,"2065":25.493,"2070":21.9801}},"geometry":{"type":"Polygon","coordinates":[[[141.9125,39.56666666666667],[141.9125,39.57083333333334],[141.91875,39.57083333333334],[141.91875,39.56666666666667],[141.9125,39.56666666666667]]]}},{"type":"Feature","id":"594127832","properties":{"meshId":"594127832","cityCode":"03202","population":{"2020":11.0674,"2025":9.5849,"2030":8.0966,"2035":7.1616,"2040":6.1712,"2045":5.5886,"2050":5.1216,"2055":4.6782,"2060":4.3435,"2065":3.8561,"2070":3.3472}},"geometry":{"type":"Polygon","coordinates":[[[141.91875,39.56666666666667],[141.91875,39.57083333333334],[141.925,39.57083333333334],[141.925,39.56666666666667],[141.91875,39.56666666666667]]]}},{"type":"Feature","id":"594127834","properties":{"meshId":"594127834","cityCode":"03202","population":{"2020":5.0357,"2025":4.8918,"2030":4.6473,"2035":4.1064,"2040":3.6303,"2045":3.1057,"2050":2.6503,"2055":2.2964,"2060":2.1041,"2065":1.9206,"2070":1.6691}},"geometry":{"type":"Polygon","coordinates":[[[141.91875,39.57083333333334],[141.91875,39.575],[141.925,39.575],[141.925,39.57083333333334],[141.91875,39.57083333333334]]]}},{"type":"Feature","id":"594127841","properties":{"meshId":"594127841","cityCode":"03202","population":{"2020":14.0829,"2025":12.6609,"2030":10.8787,"2035":8.6855,"2040":7.2252,"2045":6.427,"2050":5.8129,"2055":5.2398,"2060":4.7439,"2065":4.1601,"2070":3.6847}},"geometry":{"type":"Polygon","coordinates":[[[141.925,39.56666666666667],[141.925,39.57083333333334],[141.93125,39.57083333333334],[141.93125,39.56666666666667],[141.925,39.56666666666667]]]}},{"type":"Feature","id":"594127842","properties":{"meshId":"594127842","cityCode":"03202","population":{"2020":129.9856,"2025":120.9742,"2030":110.5941,"2035":98.7317,"2040":85.6088,"2045":72.9901,"2050":62.2565,"2055":53.0899,"2060":44.6193,"2065":37.411,"2070":31.412}},"geometry":{"type":"Polygon","coordinates":[[[141.93125,39.56666666666667],[141.93125,39.57083333333334],[141.9375,39.57083333333334],[141.9375,39.56666666666667],[141.93125,39.56666666666667]]]}},{"type":"Feature","id":"594127843","properties":{"meshId":"594127843","cityCode":"03202","population":{"2020":17.0932,"2025":15.6632,"2030":13.715,"2035":11.4783,"2040":8.961,"2045":7.3172,"2050":6.0494,"2055":5.3343,"2060":4.7881,"2065":4.1062,"2070":3.3215}},"geometry":{"type":"Polygon","coordinates":[[[141.925,39.57083333333334],[141.925,39.575],[141.93125,39.575],[141.93125,39.57083333333334],[141.925,39.57083333333334]]]}},{"type":"Feature","id":"594127844","properties":{"meshId":"594127844","cityCode":"03202","population":{"2020":155.9666,"2025":142.3489,"2030":129.6753,"2035":118.1996,"2040":106.904,"2045":95.2854,"2050":84.5093,"2055":74.4105,"2060":65.3639,"2065":56.508,"2070":48.2771}},"geometry":{"type":"Polygon","coordinates":[[[141.93125,39.57083333333334],[141.93125,39.575],[141.9375,39.575],[141.9375,39.57083333333334],[141.93125,39.57083333333334]]]}},{"type":"Feature","id":"594127851","properties":{"meshId":"594127851","cityCode":"03202","population":{"2020":148.9261,"2025":135.9548,"2030":122.2951,"2035":109.869,"2040":98.9376,"2045":88.3029,"2050":78.5527,"2055":68.879,"2060":59.0335,"2065":49.6622,"2070":41.5216}},"geometry":{"type":"Polygon","coordinates":[[[141.9375,39.56666666666667],[141.9375,39.57083333333334],[141.94375,39.57083333333334],[141.94375,39.56666666666667],[141.9375,39.56666666666667]]]}},{"type":"Feature","id":"594127852","properties":{"meshId":"594127852","cityCode":"03202","population":{"2020":49.2756,"2025":44.4758,"2030":40.1596,"2035":37.5865,"2040":34.1857,"2045":30.4092,"2050":26.8368,"2055":23.9998,"2060":22.0661,"2065":20.5142,"2070":18.6416}},"geometry":{"type":"Polygon","coordinates":[[[141.94375,39.56666666666667],[141.94375,39.57083333333334],[141.95,39.57083333333334],[141.95,39.56666666666667],[141.94375,39.56666666666667]]]}},{"type":"Feature","id":"594127853","properties":{"meshId":"594127853","cityCode":"03202","population":{"2020":142.8052,"2025":128.9019,"2030":112.0386,"2035":96.2593,"2040":81.5796,"2045":69.9643,"2050":60.5005,"2055":52.6934,"2060":45.9613,"2065":40.1219,"2070":34.9325}},"geometry":{"type":"Polygon","coordinates":[[[141.9375,39.57083333333334],[141.9375,39.575],[141.94375,39.575],[141.94375,39.57083333333334],[141.9375,39.57083333333334]]]}},{"type":"Feature","id":"594127854","properties":{"meshId":"594127854","cityCode":"03202","population":{"2020":5.0285,"2025":5.1033,"2030":5.1496,"2035":4.7719,"2040":4.1693,"2045":3.8321,"2050":3.5751,"2055":3.3745,"2060":3.0944,"2065":2.6942,"2070":2.3523}},"geometry":{"type":"Polygon","coordinates":[[[141.94375,39.57083333333334],[141.94375,39.575],[141.95,39.575],[141.95,39.57083333333334],[141.94375,39.57083333333334]]]}},{"type":"Feature","id":"594127924","properties":{"meshId":"594127924","cityCode":"03202","population":{"2020":3.0151,"2025":2.377,"2030":0.0,"2035":0.0,"2040":0.0,"2045":0.0,"2050":0.0,"2055":0.0,"2060":0.0,"2065":0.0,"2070":0.0}},"geometry":{"type":"Polygon","coordinates":[[[141.90625,39.57916666666667],[141.90625,39.58333333333334],[141.9125,39.58333333333334],[141.9125,39.57916666666667],[141.90625,39.57916666666667]]]}},{"type":"Feature","id":"594127941","properties":{"meshId":"594127941","cityCode":"03202","population":{"2020":58.3895,"2025":53.7236,"2030":50.6646,"2035":47.1051,"2040":43.2317,"2045":39.2097,"2050":34.9068,"2055":30.866,"2060":27.3957,"2065":24.1232,"2070":20.9334}},"geometry":{"type":"Polygon","coordinates":[[[141.925,39.575],[141.925,39.57916666666667],[141.93125,39.57916666666667],[141.93125,39.575],[141.925,39.575]]]}},{"type":"Feature","id":"594127942","properties":{"meshId":"594127942","cityCode":"03202","population":{"2020":420.6961,"2025":383.9997,"2030":349.8584,"2035":314.6198,"2040":280.3948,"2045":248.4776,"2050":218.7525,"2055":192.377,"2060":168.7806,"2065":146.2514,"2070":126.2724}},"geometry":{"type":"Polygon","coordinates":[[[141.93125,39.575],[141.93125,39.57916666666667],[141.9375,39.57916666666667],[141.9375,39.575],[141.93125,39.575]]]}},{"type":"Feature","id":"594127944","properties":{"meshId":"594127944","cityCode":"03202","population":{"2020":469.9213,"2025":426.1604,"2030":385.3395,"2035":344.2364,"2040":306.9608,"2045":271.3451,"2050":240.0699,"2055":211.6718,"2060":186.1948,"2065":162.5236,"2070":141.4884}},"geometry":{"type":"Polygon","coordinates":[[[141.93125,39.57916666666667],[141.93125,39.58333333333334],[141.9375,39.58333333333334],[141.9375,39.57916666666667],[141.93125,39.57916666666667]]]}},{"type":"Feature","id":"594127951","properties":{"meshId":"594127951","cityCode":"03202","population":{"2020":79.4854,"2025":73.7793,"2030":69.388,"2035":64.2899,"2040":59.3787,"2045":54.3919,"2050":49.823,"2055":45.7859,"2060":41.7945,"2065":37.526,"2070":33.0128}},"geometry":{"type":"Polygon","coordinates":[[[141.9375,39.575],[141.9375,39.57916666666667],[141.94375,39.57916666666667],[141.94375,39.575],[141.9375,39.575]]]}},{"type":"Feature","id":"594127952","properties":{"meshId":"594127952","cityCode":"03202","population":{"2020":11.0576,"2025":9.6611,"2030":9.4399,"2035":9.493,"2040":9.2617,"2045":8.8099,"2050":7.96,"2055":7.1224,"2060":6.442,"2065":5.8502,"2070":5.3761}},"geometry":{"type":"Polygon","coordinates":[[[141.94375,39.575],[141.94375,39.57916666666667],[141.95,39.57916666666667],[141.95,39.575],[141.94375,39.575]]]}},{"type":"Feature","id":"594127953","properties":{"meshId":"594127953","cityCode":"03202","population":{"2020":89.5412,"2025":81.337,"2030":73.8153,"2035":65.4098,"2040":57.1871,"2045":50.3559,"2050":44.6953,"2055":40.1425,"2060":35.3912,"2065":30.8035,"2070":26.549}},"geometry":{"type":"Polygon","coordinates":[[[141.9375,39.57916666666667],[141.9375,39.58333333333334],[141.94375,39.58333333333334],[141.94375,39.57916666666667],[141.9375,39.57916666666667]]]}},{"type":"Feature","id":"594127954","properties":{"meshId":"594127954","cityCode":"03202","population":{"2020":11.0447,"2025":10.3064,"2030":9.0837,"2035":7.7748,"2040":6.5502,"2045":5.9073,"2050":5.3361,"2055":4.8796,"2060":4.5722,"2065":4.3246,"2070":4.0357}},"geometry":{"type":"Polygon","coordinates":[[[141.94375,39.57916666666667],[141.94375,39.58333333333334],[141.95,39.58333333333334],[141.95,39.57916666666667],[141.94375,39.57916666666667]]]}},{"type":"Feature","id":"594127961","properties":{"meshId":"594127961","cityCode":"03202","population":{"2020":112.7125,"2025":100.5819,"2030":89.2864,"2035":81.6823,"2040":74.7449,"2045":67.2842,"2050":59.0145,"2055":51.0843,"2060":44.3999,"2065":39.3485,"2070":34.7607}},"geometry":{"type":"Polygon","coordinates":[[[141.95,39.575],[141.95,39.57916666666667],[141.95625,39.57916666666667],[141.95625,39.575],[141.95,39.575]]]}},{"type":"Feature","id":"594127963","properties":{"meshId":"594127963","cityCode":"03202","population":{"2020":267.8303,"2025":243.7706,"2030":218.9868,"2035":197.2792,"2040":173.4012,"2045":149.6347,"2050":128.3266,"2055":110.2005,"2060":94.2373,"2065":80.5261,"2070":68.0214}},"geometry":{"type":"Polygon","coordinates":[[[141.95,39.57916666666667],[141.95,39.58333333333334],[141.95625,39.58333333333334],[141.95625,39.57916666666667],[141.95,39.57916666666667]]]}},{"type":"Feature","id":"594127964","properties":{"meshId":"594127964","cityCode":"03202","population":{"2020":28.2063,"2025":26.2085,"2030":24.2357,"2035":21.893,"2040":19.5003,"2045":17.8404,"2050":16.3681,"2055":15.0641,"2060":13.5531,"2065":11.8852,"2070":10.1764}},"geometry":{"type":"Polygon","coordinates":[[[141.95625,39.57916666666667],[141.95625,39.58333333333334],[141.9625,39.58333333333334],[141.9625,39.57916666666667],[141.95625,39.57916666666667]]]}},{"type":"Feature","id":"594132783","properties":{"meshId":"594132783","cityCode":"03202","population":{"2020":3.0175,"2025":2.5658,"2030":2.1091,"2035":1.8567,"2040":1.6791,"2045":1.4737,"2050":1.2146,"2055":0.8845,"2060":0.5262,"2065":0.0,"2070":0.0}},"geometry":{"type":"Polygon","coordinates":[[[141.35,39.645833333333336],[141.35,39.65],[141.35625,39.65],[141.35625,39.645833333333336],[141.35,39.645833333333336]]]}},{"type":"Feature","id":"594132784","properties":{"meshId":"594132784","cityCode":"03202","population":{"2020":21.1252,"2025":18.1665,"2030":15.1609,"2035":11.9949,"2040":8.6957,"2045":5.8608,"2050":3.9828,"2055":2.6931,"2060":1.5307,"2065":0.0,"2070":0.0}},"geometry":{"type":"Polygon","coordinates":[[[141.35625,39.645833333333336],[141.35625,39.65],[141.3625,39.65],[141.3625,39.645833333333336],[141.35625,39.645833333333336]]]}},{"type":"Feature","id":"594132791","properties":{"meshId":"594132791","cityCode":"03202","population":{"2020":39.3616,"2025":37.6689,"2030":35.8539,"2035":32.9809,"2040":29.6687,"2045":25.6832,"2050":21.5278,"2055":17.6736,"2060":14.08,"2065":11.0371,"2070":8.4915}},"geometry":{"type":"Polygon","coordinates":[[[141.3625,39.641666666666666],[141.3625,39.645833333333336],[141.36875,39.645833333333336],[141.36875,39.641666666666666],[141.3625,39.641666666666666]]]}},{"type":"Feature","id":"594132792","properties":{"meshId":"594132792","cityCode":"03202","population":{"2020":4.0195,"2025":3.5085,"2030":2.8642,"2035":2.0395,"2040":1.1594,"2045":0.4422,"2050":0.1678,"2055":0.0636,"2060":0.0248,"2065":0.0102,"2070":0.0043}},"geometry":{"type":"Polygon","coordinates":[[[141.36875,39.641666666666666],[141.36875,39.645833333333336],[141.375,39.645833333333336],[141.375,39.641666666666666],[141.36875,39.641666666666666]]]}},{"type":"Feature","id":"594132881","properties":{"meshId":"594132881","cityCode":"03202","population":{"2020":25.1692,"2025":21.9773,"2030":19.746,"2035":17.4657,"2040":14.9812,"2045":11.9673,"2050":9.0897,"2055":6.5631,"2060":4.8952,"2065":0.0,"2070":0.0}},"geometry":{"type":"Polygon","coordinates":[[[141.35,39.65],[141.35,39.654166666666676],[141.35625,39.654166666666676],[141.35625,39.65],[141.35,39.65]]]}},{"type":"Feature","id":"594132883","properties":{"meshId":"594132883","cityCode":"03202","population":{"2020":4.0299,"2025":3.5587,"2030":3.0636,"2035":2.7719,"2040":2.497,"2045":2.1609,"2050":1.7468,"2055":1.2959,"2060":0.861,"2065":0.0,"2070":0.0}},"geometry":{"type":"Polygon","coordinates":[[[141.35,39.654166666666676],[141.35,39.658333333333346],[141.35625,39.658333333333346],[141.35625,39.654166666666676],[141.35,39.654166666666676]]]}},{"type":"Feature","id":"594133382","properties":{"meshId":"594133382","cityCode":"03202","population":{"2020":8.0348,"2025":5.2259,"2030":3.599,"2035":2.9211,"2040":2.4809,"2045":2.0273,"2050":1.5003,"2055":1.0995,"2060":0.0,"2065":0.0,"2070":0.0}},"geometry":{"type":"Polygon","coordinates":[[[141.48125,39.608333333333334],[141.48125,39.6125],[141.4875,39.6125],[141.4875,39.608333333333334],[141.48125,39.608333333333334]]]}},{"type":"Feature","id":"594133383","properties":{"meshId":"594133383","cityCode":"03202","population":{"2020":11.0775,"2025":10.0046,"2030":9.2651,"2035":8.4656,"2040":7.4054,"2045":6.1126,"2050":4.7223,"2055":3.4413,"2060":0.0,"2065":0.0,"2070":0.0}},"geometry":{"type":"Polygon","coordinates":[[[141.475,39.6125],[141.475,39.616666666666674],[141.48125,39.616666666666674],[141.48125,39.6125],[141.475,39.6125]]]}},{"type":"Feature","id":"594133384","properties":{"meshId":"594133384","cityCode":"03202","population":{"2020":5.0259,"2025":3.4534,"2030":2.3124,"2035":1.6259,"2040":1.1498,"2045":0.7011,"2050":0.3153,"2055":0.0975,"2060":0.0,"2065":0.0,"2070":0.0}},"geometry":{"type":"Polygon","coordinates":[[[141.48125,39.6125],[141.48125,39.616666666666674],[141.4875,39.616666666666674],[141.4875,39.6125],[141.48125,39.6125]]]}},{"type":"Feature","id":"594133553","properties":{"meshId":"594133553","cityCode":"03202","population":{"2020":9.0785,"2025":7.6376,"2030":6.4148,"2035":5.8402,"2040":5.349,"2045":4.782,"2050":4.0933,"2055":3.6409,"2060":3.2255,"2065":2.7446,"2070":2.2221}},"geometry":{"type":"Polygon","coordinates":[[[141.4375,39.62916666666667],[141.4375,39.63333333333334],[141.44375,39.63333333333334],[141.44375,39.62916666666667],[141.4375,39.62916666666667]]]}},{"type":"Feature","id":"594133604","properties":{"meshId":"594133604","cityCode":"03202","population":{"2020":5.0216,"2025":3.9594,"2030":2.8879,"2035":2.0661,"2040":0.0,"2045":0.0,"2050":0.0,"2055":0.0,"2060":0.0,"2065":0.0,"2070":0.0}},"geometry":{"type":"Polygon","coordinates":[[[141.38125,39.6375],[141.38125,39.64166666666667],[141.3875,39.64166666666667],[141.3875,39.6375],[141.38125,39.6375]]]}},{"type":"Feature","id":"594133633","properties":{"meshId":"594133633","cityCode":"03202","population":{"2020":4.0107,"2025":2.5927,"2030":1.4154,"2035":0.683,"2040":0.0,"2045":0.0,"2050":0.0,"2055":0.0,"2060":0.0,"2065":0.0,"2070":0.0}},"geometry":{"type":"Polygon","coordinates":[[[141.4125,39.6375],[141.4125,39.64166666666667],[141.41875,39.64166666666667],[141.41875,39.6375],[141.4125,39.6375]]]}},{"type":"Feature","id":"594133634","properties":{"meshId":"594133634","cityCode":"03202","population":{"2020":3.0107,"2025":2.4581,"2030":1.6959,"2035":0.8709,"2040":0.0,"2045":0.0,"2050":0.0,"2055":0.0,"2060":0.0,"2065":0.0,"2070":0.0}},"geometry":{"type":"Polygon","coordinates":[[[141.41875,39.6375],[141.41875,39.64166666666667],[141.425,39.64166666666667],[141.425,39.6375],[141.41875,39.6375]]]}},{"type":"Feature","id":"594133642","properties":{"meshId":"594133642","cityCode":"03202","population":{"2020":6.082,"2025":6.1195,"2030":6.1674,"2035":6.1523,"2040":6.0672,"2045":5.8981,"2050":5.6343,"2055":5.2596,"2060":4.7448,"2065":4.0188,"2070":3.0649}},"geometry":{"type":"Polygon","coordinates":[[[141.43125,39.63333333333333],[141.43125,39.6375],[141.4375,39.6375],[141.4375,39.63333333333333],[141.43125,39.63333333333333]]]}},{"type":"Feature","id":"594133643","properties":{"meshId":"594133643","cityCode":"03202","population":{"2020":22.0955,"2025":19.2466,"2030":16.8602,"2035":15.5751,"2040":14.6484,"2045":13.3048,"2050":12.2046,"2055":11.4052,"2060":10.7196,"2065":9.9856,"2070":9.0559}},"geometry":{"type":"Polygon","coordinates":[[[141.425,39.6375],[141.425,39.64166666666667],[141.43125,39.64166666666667],[141.43125,39.6375],[141.425,39.6375]]]}},{"type":"Feature","id":"594133651","properties":{"meshId":"594133651","cityCode":"03202","population":{"2020":11.0943,"2025":10.9525,"2030":10.4386,"2035":9.7311,"2040":9.1654,"2045":8.1664,"2050":7.2147,"2055":0.0,"2060":0.0,"2065":0.0,"2070":0.0}},"geometry":{"type":"Polygon","coordinates":[[[141.4375,39.63333333333333],[141.4375,39.6375],[141.44375,39.6375],[141.44375,39.63333333333333],[141.4375,39.63333333333333]]]}},{"type":"Feature","id":"594133661","properties":{"meshId":"594133661","cityCode":"03202","population":{"2020":11.0701,"2025":9.5206,"2030":8.2052,"2035":7.569,"2040":6.9656,"2045":6.3288,"2050":5.58,"2055":0.0,"2060":0.0,"2065":0.0,"2070":0.0}},"geometry":{"type":"Polygon","coordinates":[[[141.45,39.63333333333333],[141.45,39.6375],[141.45625,39.6375],[141.45625,39.63333333333333],[141.45,39.63333333333333]]]}},{"type":"Feature","id":"594133662","properties":{"meshId":"594133662","cityCode":"03202","population":{"2020":2.0163,"2025":1.8669,"2030":1.7153,"2035":1.5036,"2040":1.2187,"2045":0.8659,"2050":0.4977,"2055":0.0,"2060":0.0,"2065":0.0,"2070":0.0}},"geometry":{"type":"Polygon","coordinates":[[[141.45625,39.63333333333333],[141.45625,39.6375],[141.4625,39.6375],[141.4625,39.63333333333333],[141.45625,39.63333333333333]]]}},{"type":"Feature","id":"594133701","properties":{"meshId":"594133701","cityCode":"03202","population":{"2020":1.0093,"2025":0.9547,"2030":0.0,"2035":0.0,"2040":0.0,"2045":0.0,"2050":0.0,"2055":0.0,"2060":0.0,"2065":0.0,"2070":0.0}},"geometry":{"type":"Polygon","coordinates":[[[141.375,39.641666666666666],[141.375,39.645833333333336],[141.38125,39.645833333333336],[141.38125,39.641666666666666],[141.375,39.641666666666666]]]}},{"type":"Feature","id":"594133702","properties":{"meshId":"594133702","cityCode":"03202","population":{"2020":2.0135,"2025":1.4414,"2030":0.0,"2035":0.0,"2040":0.0,"2045":0.0,"2050":0.0,"2055":0.0,"2060":0.0,"2065":0.0,"2070":0.0}},"geometry":{"type":"Polygon","coordinates":[[[141.38125,39.641666666666666],[141.38125,39.645833333333336],[141.3875,39.645833333333336],[141.3875,39.641666666666666],[141.38125,39.641666666666666]]]}},{"type":"Feature","id":"594133711","properties":{"meshId":"594133711","cityCode":"03202","population":{"2020":8.0509,"2025":7.0606,"2030":6.3032,"2035":5.4375,"2040":4.7156,"2045":4.176,"2050":3.6407,"2055":0.0,"2060":0.0,"2065":0.0,"2070":0.0}},"geometry":{"type":"Polygon","coordinates":[[[141.3875,39.641666666666666],[141.3875,39.645833333333336],[141.39375,39.645833333333336],[141.39375,39.641666666666666],[141.3875,39.641666666666666]]]}},{"type":"Feature","id":"594133712","properties":{"meshId":"594133712","cityCode":"03202","population":{"2020":5.0243,"2025":3.96,"2030":2.8895,"2035":2.0348,"2040":1.5479,"2045":1.1133,"2050":0.6423,"2055":0.0,"2060":0.0,"2065":0.0,"2070":0.0}},"geometry":{"type":"Polygon","coordinates":[[[141.39375,39.641666666666666],[141.39375,39.645833333333336],[141.4,39.645833333333336],[141.4,39.641666666666666],[141.39375,39.641666666666666]]]}},{"type":"Feature","id":"594133721","properties":{"meshId":"594133721","cityCode":"03202","population":{"2020":12.0812,"2025":10.716,"2030":8.9258,"2035":6.7395,"2040":4.5897,"2045":2.8194,"2050":1.8468,"2055":1.2647,"2060":0.7881,"2065":0.3756,"2070":0.1257}},"geometry":{"type":"Polygon","coordinates":[[[141.4,39.641666666666666],[141.4,39.645833333333336],[141.40625,39.645833333333336],[141.40625,39.641666666666666],[141.4,39.641666666666666]]]}},{"type":"Feature","id":"594133722","properties":{"meshId":"594133722","cityCode":"03202","population":{"2020":18.096,"2025":17.1694,"2030":15.2387,"2035":13.223,"2040":11.4119,"2045":9.4742,"2050":7.8243,"2055":6.4454,"2060":5.5015,"2065":4.9267,"2070":4.2384}},"geometry":{"type":"Polygon","coordinates":[[[141.40625,39.641666666666666],[141.40625,39.645833333333336],[141.4125,39.645833333333336],[141.4125,39.641666666666666],[141.40625,39.641666666666666]]]}},{"type":"Feature","id":"594133731","properties":{"meshId":"594133731","cityCode":"03202","population":{"2020":5.031,"2025":4.4937,"2030":3.7657,"2035":2.9006,"2040":0.0,"2045":0.0,"2050":0.0,"2055":0.0,"2060":0.0,"2065":0.0,"2070":0.0}},"geometry":{"type":"Polygon","coordinates":[[[141.4125,39.641666666666666],[141.4125,39.645833333333336],[141.41875,39.645833333333336],[141.41875,39.641666666666666],[141.4125,39.641666666666666]]]}},{"type":"Feature","id":"594134164","properties":{"meshId":"594134164","cityCode":"03202","population":{"2020":2.0259,"2025":1.8156,"2030":0.0,"2035":0.0,"2040":0.0,"2045":0.0,"2050":0.0,"2055":0.0,"2060":0.0,"2065":0.0,"2070":0.0}},"geometry":{"type":"Polygon","coordinates":[[[141.58125,39.59583333333334],[141.58125,39.6],[141.5875,39.6],[141.5875,39.59583333333334],[141.58125,39.59583333333334]]]}},{"type":"Feature","id":"594134181","properties":{"meshId":"594134181","cityCode":"03202","population":{"2020":6.0148,"2025":3.7291,"2030":1.7181,"2035":0.587,"2040":0.2133,"2045":0.0,"2050":0.0,"2055":0.0,"2060":0.0,"2065":0.0,"2070":0.0}},"geometry":{"type":"Polygon","coordinates":[[[141.6,39.59166666666667],[141.6,39.59583333333334],[141.60625,39.59583333333334],[141.60625,39.59166666666667],[141.6,39.59166666666667]]]}},{"type":"Feature","id":"594134183","properties":{"meshId":"594134183","cityCode":"03202","population":{"2020":4.0184,"2025":2.5719,"2030":1.3548,"2035":0.8436,"2040":0.5177,"2045":0.0,"2050":0.0,"2055":0.0,"2060":0.0,"2065":0.0,"2070":0.0}},"geometry":{"type":"Polygon","coordinates":[[[141.6,39.59583333333334],[141.6,39.6],[141.60625,39.6],[141.60625,39.59583333333334],[141.6,39.59583333333334]]]}},{"type":"Feature","id":"594134272","properties":{"meshId":"594134272","cityCode":"03202","population":{"2020":6.0281,"2025":5.0303,"2030":4.1034,"2035":3.1967,"2040":2.1822,"2045":0.0,"2050":0.0,"2055":0.0,"2060":0.0,"2065":0.0,"2070":0.0}},"geometry":{"type":"Polygon","coordinates":[[[141.59375,39.6],[141.59375,39.60416666666667],[141.6,39.60416666666667],[141.6,39.6],[141.59375,39.6]]]}},{"type":"Feature","id":"594134274","properties":{"meshId":"594134274","cityCode":"03202","population":{"2020":2.0054,"2025":1.5273,"2030":0.998,"2035":0.5196,"2040":0.194,"2045":0.0,"2050":0.0,"2055":0.0,"2060":0.0,"2065":0.0,"2070":0.0}},"geometry":{"type":"Polygon","coordinates":[[[141.59375,39.60416666666667],[141.59375,39.60833333333334],[141.6,39.60833333333334],[141.6,39.60416666666667],[141.59375,39.60416666666667]]]}},{"type":"Feature","id":"594134283","properties":{"meshId":"594134283","cityCode":"03202","population":{"2020":1.0013,"2025":0.0,"2030":0.0,"2035":0.0,"2040":0.0,"2045":0.0,"2050":0.0,"2055":0.0,"2060":0.0,"2065":0.0,"2070":0.0}},"geometry":{"type":"Polygon","coordinates":[[[141.6,39.60416666666667],[141.6,39.60833333333334],[141.60625,39.60833333333334],[141.60625,39.60416666666667],[141.6,39.60416666666667]]]}},{"type":"Feature","id":"594134311","properties":{"meshId":"594134311","cityCode":"03202","population":{"2020":2.007,"2025":1.8721,"2030":0.0,"2035":0.0,"2040":0.0,"2045":0.0,"2050":0.0,"2055":0.0,"2060":0.0,"2065":0.0,"2070":0.0}},"geometry":{"type":"Polygon","coordinates":[[[141.5125,39.608333333333334],[141.5125,39.6125],[141.51875,39.6125],[141.51875,39.608333333333334],[141.5125,39.608333333333334]]]}},{"type":"Feature","id":"594134402","properties":{"meshId":"594134402","cityCode":"03202","population":{"2020":8.0665,"2025":7.6335,"2030":6.6708,"2035":5.5096,"2040":4.455,"2045":3.7576,"2050":3.1981,"2055":2.6176,"2060":2.2274,"2065":1.9961,"2070":1.7667}},"geometry":{"type":"Polygon","coordinates":[[[141.50625,39.61666666666667],[141.50625,39.62083333333334],[141.5125,39.62083333333334],[141.5125,39.61666666666667],[141.50625,39.61666666666667]]]}},{"type":"Feature","id":"594134404","properties":{"meshId":"594134404","cityCode":"03202","population":{"2020":8.0985,"2025":7.8573,"2030":7.56,"2035":7.1315,"2040":6.5008,"2045":5.6771,"2050":4.7585,"2055":3.9354,"2060":3.3263,"2065":2.7683,"2070":2.1095}},"geometry":{"type":"Polygon","coordinates":[[[141.50625,39.62083333333334],[141.50625,39.625],[141.5125,39.625],[141.5125,39.62083333333334],[141.50625,39.62083333333334]]]}},{"type":"Feature","id":"594134413","properties":{"meshId":"594134413","cityCode":"03202","population":{"2020":4.0178,"2025":3.2321,"2030":2.306,"2035":0.0,"2040":0.0,"2045":0.0,"2050":0.0,"2055":0.0,"2060":0.0,"2065":0.0,"2070":0.0}},"geometry":{"type":"Polygon","coordinates":[[[141.5125,39.62083333333334],[141.5125,39.625],[141.51875,39.625],[141.51875,39.62083333333334],[141.5125,39.62083333333334]]]}},{"type":"Feature","id":"594134484","properties":{"meshId":"594134484","cityCode":"03202","population":{"2020":4.0291,"2025":3.6322,"2030":3.1549,"2035":0.0,"2040":0.0,"2045":0.0,"2050":0.0,"2055":0.0,"2060":0.0,"2065":0.0,"2070":0.0}},"geometry":{"type":"Polygon","coordinates":[[[141.60625,39.62083333333334],[141.60625,39.625],[141.6125,39.625],[141.6125,39.62083333333334],[141.60625,39.62083333333334]]]}},{"type":"Feature","id":"594134491","properties":{"meshId":"594134491","cityCode":"03202","population":{"2020":6.0407,"2025":5.4451,"2030":4.4668,"2035":3.6858,"2040":2.9841,"2045":2.5465,"2050":2.1483,"2055":1.7416,"2060":1.3882,"2065":1.2175,"2070":1.0908}},"geometry":{"type":"Polygon","coordinates":[[[141.6125,39.61666666666667],[141.6125,39.62083333333334],[141.61875,39.62083333333334],[141.61875,39.61666666666667],[141.6125,39.61666666666667]]]}},{"type":"Feature","id":"594134492","properties":{"meshId":"594134492","cityCode":"03202","population":{"2020":16.1077,"2025":13.0396,"2030":11.1169,"2035":9.7466,"2040":8.4234,"2045":6.9843,"2050":5.4289,"2055":4.1175,"2060":2.8051,"2065":2.2307,"2070":1.8636}},"geometry":{"type":"Polygon","coordinates":[[[141.61875,39.61666666666667],[141.61875,39.62083333333334],[141.625,39.62083333333334],[141.625,39.61666666666667],[141.61875,39.61666666666667]]]}},{"type":"Feature","id":"594134493","properties":{"meshId":"594134493","cityCode":"03202","population":{"2020":54.2558,"2025":45.6562,"2030":38.7674,"2035":32.8931,"2040":28.1887,"2045":24.3292,"2050":21.2851,"2055":19.0407,"2060":17.3415,"2065":15.9267,"2070":14.4355}},"geometry":{"type":"Polygon","coordinates":[[[141.6125,39.62083333333334],[141.6125,39.625],[141.61875,39.625],[141.61875,39.62083333333334],[141.6125,39.62083333333334]]]}},{"type":"Feature","id":"594134494","properties":{"meshId":"594134494","cityCode":"03202","population":{"2020":8.0417,"2025":6.7701,"2030":5.8286,"2035":5.447,"2040":4.93,"2045":4.3469,"2050":3.6368,"2055":2.8223,"2060":2.0006,"2065":1.7041,"2070":1.5541}},"geometry":{"type":"Polygon","coordinates":[[[141.61875,39.62083333333334],[141.61875,39.625],[141.625,39.625],[141.625,39.62083333333334],[141.61875,39.62083333333334]]]}},{"type":"Feature","id":"594134511","properties":{"meshId":"594134511","cityCode":"03202","population":{"2020":6.0529,"2025":5.2044,"2030":4.2149,"2035":3.373,"2040":0.0,"2045":0.0,"2050":0.0,"2055":0.0,"2060":0.0,"2065":0.0,"2070":0.0}},"geometry":{"type":"Polygon","coordinates":[[[141.5125,39.625],[141.5125,39.62916666666667],[141.51875,39.62916666666667],[141.51875,39.625],[141.5125,39.625]]]}},{"type":"Feature","id":"594134574","properties":{"meshId":"594134574","cityCode":"03202","population":{"2020":5.017,"2025":3.7092,"2030":2.4826,"2035":0.0,"2040":0.0,"2045":0.0,"2050":0.0,"2055":0.0,"2060":0.0,"2065":0.0,"2070":0.0}},"geometry":{"type":"Polygon","coordinates":[[[141.59375,39.62916666666667],[141.59375,39.63333333333334],[141.6,39.63333333333334],[141.6,39.62916666666667],[141.59375,39.62916666666667]]]}},{"type":"Feature","id":"594134582","properties":{"meshId":"594134582","cityCode":"03202","population":{"2020":2.0113,"2025":1.5558,"2030":1.0894,"2035":0.8514,"2040":0.6645,"2045":0.4559,"2050":0.243,"2055":0.075,"2060":0.0,"2065":0.0,"2070":0.0}},"geometry":{"type":"Polygon","coordinates":[[[141.60625,39.625],[141.60625,39.62916666666667],[141.6125,39.62916666666667],[141.6125,39.625],[141.60625,39.625]]]}},{"type":"Feature","id":"594134583","properties":{"meshId":"594134583","cityCode":"03202","population":{"2020":16.0915,"2025":13.6548,"2030":11.36,"2035":9.2745,"2040":7.4371,"2045":5.7978,"2050":4.2907,"2055":3.0421,"2060":0.0,"2065":0.0,"2070":0.0}},"geometry":{"type":"Polygon","coordinates":[[[141.6,39.62916666666667],[141.6,39.63333333333334],[141.60625,39.63333333333334],[141.60625,39.62916666666667],[141.6,39.62916666666667]]]}},{"type":"Feature","id":"594134591","properties":{"meshId":"594134591","cityCode":"03202","population":{"2020":6.0148,"2025":4.6499,"2030":3.1823,"2035":1.9147,"2040":0.0,"2045":0.0,"2050":0.0,"2055":0.0,"2060":0.0,"2065":0.0,"2070":0.0}},"geometry":{"type":"Polygon","coordinates":[[[141.6125,39.625],[141.6125,39.62916666666667],[141.61875,39.62916666666667],[141.61875,39.625],[141.6125,39.625]]]}},{"type":"Feature","id":"594134673","properties":{"meshId":"594134673","cityCode":"03202","population":{"2020":3.0099,"2025":2.7469,"2030":2.4961,"2035":2.5227,"2040":2.4204,"2045":2.2429,"2050":2.1456,"2055":1.9725,"2060":0.0,"2065":0.0,"2070":0.0}},"geometry":{"type":"Polygon","coordinates":[[[141.5875,39.6375],[141.5875,39.64166666666667],[141.59375,39.64166666666667],[141.59375,39.6375],[141.5875,39.6375]]]}},{"type":"Feature","id":"594134674","properties":{"meshId":"594134674","cityCode":"03202","population":{"2020":16.103,"2025":14.3268,"2030":12.5521,"2035":10.4488,"2040":8.947,"2045":7.8491,"2050":6.8536,"2055":6.0663,"2060":0.0,"2065":0.0,"2070":0.0}},"geometry":{"type":"Polygon","coordinates":[[[141.59375,39.6375],[141.59375,39.64166666666667],[141.6,39.64166666666667],[141.6,39.6375],[141.59375,39.6375]]]}},{"type":"Feature","id":"594134681","properties":{"meshId":"594134681","cityCode":"03202","population":{"2020":13.049,"2025":11.8103,"2030":10.0026,"2035":8.6459,"2040":8.0253,"2045":7.4433,"2050":6.8736,"2055":6.4113,"2060":5.8583,"2065":5.349,"2070":4.7912}},"geometry":{"type":"Polygon","coordinates":[[[141.6,39.63333333333333],[141.6,39.6375],[141.60625,39.6375],[141.60625,39.63333333333333],[141.6,39.63333333333333]]]}},{"type":"Feature","id":"594134683","properties":{"meshId":"594134683","cityCode":"03202","population":{"2020":6.0289,"2025":5.1342,"2030":4.0979,"2035":3.0016,"2040":2.0261,"2045":1.339,"2050":0.9366,"2055":0.6988,"2060":0.4712,"2065":0.2001,"2070":0.085}},"geometry":{"type":"Polygon","coordinates":[[[141.6,39.6375],[141.6,39.64166666666667],[141.60625,39.64166666666667],[141.60625,39.6375],[141.6,39.6375]]]}},{"type":"Feature","id":"594134764","properties":{"meshId":"594134764","cityCode":"03202","population":{"2020":8.0376,"2025":6.615,"2030":5.9722,"2035":5.2306,"2040":4.3178,"2045":0.0,"2050":0.0,"2055":0.0,"2060":0.0,"2065":0.0,"2070":0.0}},"geometry":{"type":"Polygon","coordinates":[[[141.58125,39.645833333333336],[141.58125,39.65],[141.5875,39.65],[141.5875,39.645833333333336],[141.58125,39.645833333333336]]]}},{"type":"Feature","id":"594134771","properties":{"meshId":"594134771","cityCode":"03202","population":{"2020":28.1709,"2025":23.7214,"2030":19.8195,"2035":16.2731,"2040":13.6169,"2045":11.1918,"2050":8.8968,"2055":6.6632,"2060":5.2314,"2065":4.1633,"2070":3.246}},"geometry":{"type":"Polygon","coordinates":[[[141.5875,39.641666666666666],[141.5875,39.645833333333336],[141.59375,39.645833333333336],[141.59375,39.641666666666666],[141.5875,39.641666666666666]]]}},{"type":"Feature","id":"594134772","properties":{"meshId":"594134772","cityCode":"03202","population":{"2020":19.1041,"2025":16.0993,"2030":13.373,"2035":11.1306,"2040":9.3213,"2045":7.3636,"2050":5.9522,"2055":4.8816,"2060":4.1033,"2065":3.4647,"2070":3.1345}},"geometry":{"type":"Polygon","coordinates":[[[141.59375,39.641666666666666],[141.59375,39.645833333333336],[141.6,39.645833333333336],[141.6,39.641666666666666],[141.59375,39.641666666666666]]]}},{"type":"Feature","id":"594134773","properties":{"meshId":"594134773","cityCode":"03202","population":{"2020":16.1027,"2025":14.1081,"2030":12.4705,"2035":10.9261,"2040":9.0837,"2045":7.2047,"2050":5.5296,"2055":4.145,"2060":3.1005,"2065":2.4283,"2070":1.8418}},"geometry":{"type":"Polygon","coordinates":[[[141.5875,39.645833333333336],[141.5875,39.65],[141.59375,39.65],[141.59375,39.645833333333336],[141.5875,39.645833333333336]]]}},{"type":"Feature","id":"594134774","properties":{"meshId":"594134774","cityCode":"03202","population":{"2020":1.0093,"2025":0.9547,"2030":0.8689,"2035":0.7685,"2040":0.6322,"2045":0.4426,"2050":0.2376,"2055":0.0729,"2060":0.0228,"2065":0.0072,"2070":0.0024}},"geometry":{"type":"Polygon","coordinates":[[[141.59375,39.645833333333336],[141.59375,39.65],[141.6,39.65],[141.6,39.645833333333336],[141.59375,39.645833333333336]]]}},{"type":"Feature","id":"594134783","properties":{"meshId":"594134783","cityCode":"03202","population":{"2020":9.0737,"2025":8.7917,"2030":7.9955,"2035":6.9904,"2040":5.7601,"2045":4.5868,"2050":3.3843,"2055":2.4041,"2060":1.8118,"2065":1.3851,"2070":1.1584}},"geometry":{"type":"Polygon","coordinates":[[[141.6,39.645833333333336],[141.6,39.65],[141.60625,39.65],[141.60625,39.645833333333336],[141.6,39.645833333333336]]]}},{"type":"Feature","id":"594134862","properties":{"meshId":"594134862","cityCode":"03202","population":{"2020":9.0384,"2025":6.5884,"2030":5.0222,"2035":3.8465,"2040":2.8482,"2045":0.0,"2050":0.0,"2055":0.0,"2060":0.0,"2065":0.0,"2070":0.0}},"geometry":{"type":"Polygon","coordinates":[[[141.58125,39.65],[141.58125,39.654166666666676],[141.5875,39.654166666666676],[141.5875,39.65],[141.58125,39.65]]]}},{"type":"Feature","id":"594134872","properties":{"meshId":"594134872","cityCode":"03202","population":{"2020":8.0465,"2025":6.4926,"2030":5.2021,"2035":3.9249,"2040":2.6793,"2045":1.6944,"2050":0.8642,"2055":0.3082,"2060":0.1134,"2065":0.0442,"2070":0.0177}},"geometry":{"type":"Polygon","coordinates":[[[141.59375,39.65],[141.59375,39.654166666666676],[141.6,39.654166666666676],[141.6,39.65],[141.59375,39.65]]]}},{"type":"Feature","id":"594134873","properties":{"meshId":"594134873","cityCode":"03202","population":{"2020":16.0703,"2025":12.0386,"2030":9.9098,"2035":8.5512,"2040":7.3708,"2045":6.4741,"2050":5.6616,"2055":4.8655,"2060":4.065,"2065":3.3554,"2070":2.809}},"geometry":{"type":"Polygon","coordinates":[[[141.5875,39.654166666666676],[141.5875,39.658333333333346],[141.59375,39.658333333333346],[141.59375,39.654166666666676],[141.5875,39.654166666666676]]]}},{"type":"Feature","id":"594134874","properties":{"meshId":"594134874","cityCode":"03202","population":{"2020":26.1744,"2025":24.0451,"2030":22.0755,"2035":21.0948,"2040":19.52,"2045":17.4621,"2050":15.4307,"2055":13.7708,"2060":12.2231,"2065":10.9396,"2070":9.905}},"geometry":{"type":"Polygon","coordinates":[[[141.59375,39.654166666666676],[141.59375,39.658333333333346],[141.6,39.658333333333346],[141.6,39.654166666666676],[141.59375,39.654166666666676]]]}},{"type":"Feature","id":"594134881","properties":{"meshId":"594134881","cityCode":"03202","population":{"2020":14.1142,"2025":12.9131,"2030":11.6582,"2035":10.2727,"2040":8.9174,"2045":7.5031,"2050":6.1276,"2055":4.7733,"2060":3.8013,"2065":2.9416,"2070":2.2369}},"geometry":{"type":"Polygon","coordinates":[[[141.6,39.65],[141.6,39.654166666666676],[141.60625,39.654166666666676],[141.60625,39.65],[141.6,39.65]]]}},{"type":"Feature","id":"594134883","properties":{"meshId":"594134883","cityCode":"03202","population":{"2020":1.0093,"2025":0.9547,"2030":0.8689,"2035":0.7685,"2040":0.6322,"2045":0.4426,"2050":0.2376,"2055":0.0729,"2060":0.0228,"2065":0.0072,"2070":0.0024}},"geometry":{"type":"Polygon","coordinates":[[[141.6,39.654166666666676],[141.6,39.658333333333346],[141.60625,39.658333333333346],[141.60625,39.654166666666676],[141.6,39.654166666666676]]]}},{"type":"Feature","id":"594134972","properties":{"meshId":"594134972","cityCode":"03202","population":{"2020":4.0335,"2025":3.4299,"2030":2.7523,"2035":2.0725,"2040":1.4687,"2045":1.0487,"2050":0.0,"2055":0.0,"2060":0.0,"2065":0.0,"2070":0.0}},"geometry":{"type":"Polygon","coordinates":[[[141.59375,39.65833333333334],[141.59375,39.6625],[141.6,39.6625],[141.6,39.65833333333334],[141.59375,39.65833333333334]]]}},{"type":"Feature","id":"594134974","properties":{"meshId":"594134974","cityCode":"03202","population":{"2020":6.0261,"2025":4.3252,"2030":3.2038,"2035":2.6851,"2040":2.2944,"2045":1.8609,"2050":0.0,"2055":0.0,"2060":0.0,"2065":0.0,"2070":0.0}},"geometry":{"type":"Polygon","coordinates":[[[141.59375,39.6625],[141.59375,39.66666666666668],[141.6,39.66666666666668],[141.6,39.6625],[141.59375,39.6625]]]}},{"type":"Feature","id":"594135031","properties":{"meshId":"594135031","cityCode":"03202","population":{"2020":4.0178,"2025":3.4938,"2030":2.7604,"2035":1.8854,"2040":1.1224,"2045":0.5969,"2050":0.2321,"2055":0.0894,"2060":0.0353,"2065":0.0147,"2070":0.0062}},"geometry":{"type":"Polygon","coordinates":[[[141.6625,39.583333333333336],[141.6625,39.5875],[141.66875,39.5875],[141.66875,39.583333333333336],[141.6625,39.583333333333336]]]}},{"type":"Feature","id":"594135033","properties":{"meshId":"594135033","cityCode":"03202","population":{"2020":22.1426,"2025":19.3303,"2030":16.6498,"2035":14.0342,"2040":11.9964,"2045":10.159,"2050":8.2504,"2055":6.3247,"2060":4.5076,"2065":3.372,"2070":2.6016}},"geometry":{"type":"Polygon","coordinates":[[[141.6625,39.5875],[141.6625,39.591666666666676],[141.66875,39.591666666666676],[141.66875,39.5875],[141.6625,39.5875]]]}},{"type":"Feature","id":"594135034","properties":{"meshId":"594135034","cityCode":"03202","population":{"2020":8.0456,"2025":7.8841,"2030":7.5985,"2035":6.9518,"2040":6.2612,"2045":5.5916,"2050":5.0738,"2055":4.4912,"2060":3.6686,"2065":2.5804,"2070":1.7319}},"geometry":{"type":"Polygon","coordinates":[[[141.66875,39.5875],[141.66875,39.591666666666676],[141.675,39.591666666666676],[141.675,39.5875],[141.66875,39.5875]]]}},{"type":"Feature","id":"594135114","properties":{"meshId":"594135114","cityCode":"03202","population":{"2020":7.0577,"2025":6.4923,"2030":5.7055,"2035":5.1498,"2040":4.266,"2045":0.0,"2050":0.0,"2055":0.0,"2060":0.0,"2065":0.0,"2070":0.0}},"geometry":{"type":"Polygon","coordinates":[[[141.64375,39.59583333333334],[141.64375,39.6],[141.65,39.6],[141.65,39.59583333333334],[141.64375,39.59583333333334]]]}},{"type":"Feature","id":"594135122","properties":{"meshId":"594135122","cityCode":"03202","population":{"2020":29.2032,"2025":24.6884,"2030":20.6258,"2035":16.8525,"2040":13.2855,"2045":9.9684,"2050":7.1842,"2055":5.1443,"2060":3.6086,"2065":0.0,"2070":0.0}},"geometry":{"type":"Polygon","coordinates":[[[141.65625,39.59166666666667],[141.65625,39.59583333333334],[141.6625,39.59583333333334],[141.6625,39.59166666666667],[141.65625,39.59166666666667]]]}},{"type":"Feature","id":"594135123","properties":{"meshId":"594135123","cityCode":"03202","population":{"2020":3.0168,"2025":2.6956,"2030":2.269,"2035":1.8061,"2040":1.4772,"2045":1.1064,"2050":0.6796,"2055":0.2474,"2060":0.0927,"2065":0.0,"2070":0.0}},"geometry":{"type":"Polygon","coordinates":[[[141.65,39.59583333333334],[141.65,39.6],[141.65625,39.6],[141.65625,39.59583333333334],[141.65,39.59583333333334]]]}},{"type":"Feature","id":"594135131","properties":{"meshId":"594135131","cityCode":"03202","population":{"2020":58.6399,"2025":56.8603,"2030":53.6802,"2035":50.4305,"2040":46.6772,"2045":42.3209,"2050":38.0162,"2055":33.4678,"2060":28.9517,"2065":24.7822,"2070":20.9577}},"geometry":{"type":"Polygon","coordinates":[[[141.6625,39.59166666666667],[141.6625,39.59583333333334],[141.66875,39.59583333333334],[141.66875,39.59166666666667],[141.6625,39.59166666666667]]]}},{"type":"Feature","id":"594135132","properties":{"meshId":"594135132","cityCode":"03202","population":{"2020":13.0879,"2025":11.7627,"2030":11.3564,"2035":10.2579,"2040":9.1596,"2045":7.8265,"2050":6.6134,"2055":5.9773,"2060":5.3803,"2065":4.7607,"2070":4.1787}},"geometry":{"type":"Polygon","coordinates":[[[141.66875,39.59166666666667],[141.66875,39.59583333333334],[141.675,39.59583333333334],[141.675,39.59166666666667],[141.66875,39.59166666666667]]]}},{"type":"Feature","id":"594135141","properties":{"meshId":"594135141","cityCode":"03202","population":{"2020":107.2973,"2025":68.0526,"2030":43.1601,"2035":27.6632,"2040":19.1957,"2045":13.5791,"2050":9.4847,"2055":6.5721,"2060":4.7856,"2065":3.9645,"2070":3.5748}},"geometry":{"type":"Polygon","coordinates":[[[141.675,39.59166666666667],[141.675,39.59583333333334],[141.68125,39.59583333333334],[141.68125,39.59166666666667],[141.675,39.59166666666667]]]}},{"type":"Feature","id":"594135143","properties":{"meshId":"594135143","cityCode":"03202","population":{"2020":190.1442,"2025":168.6131,"2030":148.4304,"2035":128.9167,"2040":112.3299,"2045":97.2418,"2050":82.2146,"2055":68.1077,"2060":55.8534,"2065":45.9404,"2070":39.0637}},"geometry":{"type":"Polygon","coordinates":[[[141.675,39.59583333333334],[141.675,39.6],[141.68125,39.6],[141.68125,39.59583333333334],[141.675,39.59583333333334]]]}},{"type":"Feature","id":"594135144","properties":{"meshId":"594135144","cityCode":"03202","population":{"2020":56.3909,"2025":53.6532,"2030":49.3855,"2035":43.2605,"2040":37.2864,"2045":31.6579,"2050":27.0208,"2055":23.5579,"2060":20.7166,"2065":18.3538,"2070":16.0804}},"geometry":{"type":"Polygon","coordinates":[[[141.68125,39.59583333333334],[141.68125,39.6],[141.6875,39.6],[141.6875,39.59583333333334],[141.68125,39.59583333333334]]]}},{"type":"Feature","id":"594135162","properties":{"meshId":"594135162","cityCode":"03202","population":{"2020":11.0781,"2025":9.4793,"2030":7.7022,"2035":6.2161,"2040":4.8413,"2045":3.4279,"2050":2.1456,"2055":1.2,"2060":0.0,"2065":0.0,"2070":0.0}},"geometry":{"type":"Polygon","coordinates":[[[141.70625,39.59166666666667],[141.70625,39.59583333333334],[141.7125,39.59583333333334],[141.7125,39.59166666666667],[141.70625,39.59166666666667]]]}},{"type":"Feature","id":"594135164","properties":{"meshId":"594135164","cityCode":"03202","population":{"2020":5.0265,"2025":4.2517,"2030":3.5914,"2035":3.0721,"2040":2.5361,"2045":1.9608,"2050":1.4022,"2055":0.9564,"2060":0.0,"2065":0.0,"2070":0.0}},"geometry":{"type":"Polygon","coordinates":[[[141.70625,39.59583333333334],[141.70625,39.6],[141.7125,39.6],[141.7125,39.59583333333334],[141.70625,39.59583333333334]]]}},{"type":"Feature","id":"594135183","properties":{"meshId":"594135183","cityCode":"03202","population":{"2020":6.0548,"2025":5.2732,"2030":4.3907,"2035":3.4863,"2040":2.7787,"2045":2.1187,"2050":0.0,"2055":0.0,"2060":0.0,"2065":0.0,"2070":0.0}},"geometry":{"type":"Polygon","coordinates":[[[141.725,39.59583333333334],[141.725,39.6],[141.73125,39.6],[141.73125,39.59583333333334],[141.725,39.59583333333334]]]}},{"type":"Feature","id":"594135184","properties":{"meshId":"594135184","cityCode":"03202","population":{"2020":4.0463,"2025":3.8559,"2030":3.5432,"2035":3.1009,"2040":2.5879,"2045":2.1776,"2050":0.0,"2055":0.0,"2060":0.0,"2065":0.0,"2070":0.0}},"geometry":{"type":"Polygon","coordinates":[[[141.73125,39.59583333333334],[141.73125,39.6],[141.7375,39.6],[141.7375,39.59583333333334],[141.73125,39.59583333333334]]]}},{"type":"Feature","id":"594135191","properties":{"meshId":"594135191","cityCode":"03202","population":{"2020":9.0491,"2025":7.131,"2030":6.5302,"2035":5.904,"2040":5.5162,"2045":5.0415,"2050":4.3205,"2055":3.6688,"2060":3.0317,"2065":0.0,"2070":0.0}},"geometry":{"type":"Polygon","coordinates":[[[141.7375,39.59166666666667],[141.7375,39.59583333333334],[141.74375,39.59583333333334],[141.74375,39.59166666666667],[141.7375,39.59166666666667]]]}},{"type":"Feature","id":"594135192","properties":{"meshId":"594135192","cityCode":"03202","population":{"2020":4.0198,"2025":3.9343,"2030":3.5475,"2035":3.4268,"2040":3.1945,"2045":3.0405,"2050":2.9483,"2055":2.6908,"2060":2.4152,"2065":0.0,"2070":0.0}},"geometry":{"type":"Polygon","coordinates":[[[141.74375,39.59166666666667],[141.74375,39.59583333333334],[141.75,39.59583333333334],[141.75,39.59166666666667],[141.74375,39.59166666666667]]]}},{"type":"Feature","id":"594135193","properties":{"meshId":"594135193","cityCode":"03202","population":{"2020":13.0877,"2025":11.3234,"2030":9.201,"2035":7.0932,"2040":5.1707,"2045":3.6818,"2050":2.4738,"2055":1.5438,"2060":0.755,"2065":0.0,"2070":0.0}},"geometry":{"type":"Polygon","coordinates":[[[141.7375,39.59583333333334],[141.7375,39.6],[141.74375,39.6],[141.74375,39.59583333333334],[141.7375,39.59583333333334]]]}},{"type":"Feature","id":"594135212","properties":{"meshId":"594135212","cityCode":"03202","population":{"2020":8.0464,"2025":6.9573,"2030":5.8342,"2035":4.7309,"2040":3.5324,"2045":2.4783,"2050":1.5631,"2055":0.8501,"2060":0.0,"2065":0.0,"2070":0.0}},"geometry":{"type":"Polygon","coordinates":[[[141.64375,39.6],[141.64375,39.60416666666667],[141.65,39.60416666666667],[141.65,39.6],[141.64375,39.6]]]}},{"type":"Feature","id":"594135214","properties":{"meshId":"594135214","cityCode":"03202","population":{"2020":13.0697,"2025":10.804,"2030":9.2509,"2035":8.007,"2040":7.1531,"2045":6.1092,"2050":5.2035,"2055":4.1973,"2060":0.0,"2065":0.0,"2070":0.0}},"geometry":{"type":"Polygon","coordinates":[[[141.64375,39.60416666666667],[141.64375,39.60833333333334],[141.65,39.60833333333334],[141.65,39.60416666666667],[141.64375,39.60416666666667]]]}},{"type":"Feature","id":"594135223","properties":{"meshId":"594135223","cityCode":"03202","population":{"2020":12.0463,"2025":10.1349,"2030":8.5214,"2035":7.7343,"2040":6.7458,"2045":5.5681,"2050":4.5083,"2055":0.0,"2060":0.0,"2065":0.0,"2070":0.0}},"geometry":{"type":"Polygon","coordinates":[[[141.65,39.60416666666667],[141.65,39.60833333333334],[141.65625,39.60833333333334],[141.65625,39.60416666666667],[141.65,39.60416666666667]]]}},{"type":"Feature","id":"594135241","properties":{"meshId":"594135241","cityCode":"03202","population":{"2020":2.0073,"2025":1.7139,"2030":1.3428,"2035":0.9101,"2040":0.4963,"2045":0.1963,"2050":0.0766,"2055":0.0296,"2060":0.0117,"2065":0.0049,"2070":0.0021}},"geometry":{"type":"Polygon","coordinates":[[[141.675,39.6],[141.675,39.60416666666667],[141.68125,39.60416666666667],[141.68125,39.6],[141.675,39.6]]]}},{"type":"Feature","id":"594135242","properties":{"meshId":"594135242","cityCode":"03202","population":{"2020":23.1356,"2025":18.0667,"2030":13.418,"2035":10.0243,"2040":7.6953,"2045":5.9392,"2050":4.8887,"2055":3.9974,"2060":3.1435,"2065":2.611,"2070":2.1144}},"geometry":{"type":"Polygon","coordinates":[[[141.68125,39.6],[141.68125,39.60416666666667],[141.6875,39.60416666666667],[141.6875,39.6],[141.68125,39.6]]]}},{"type":"Feature","id":"594135251","properties":{"meshId":"594135251","cityCode":"03202","population":{"2020":13.1094,"2025":12.3624,"2030":11.3318,"2035":9.9809,"2040":8.7501,"2045":7.4254,"2050":5.9859,"2055":4.5116,"2060":3.5144,"2065":2.7914,"2070":2.2035}},"geometry":{"type":"Polygon","coordinates":[[[141.6875,39.6],[141.6875,39.60416666666667],[141.69375,39.60416666666667],[141.69375,39.6],[141.6875,39.6]]]}},{"type":"Feature","id":"594135254","properties":{"meshId":"594135254","cityCode":"03202","population":{"2020":9.0919,"2025":8.5613,"2030":8.3124,"2035":7.8719,"2040":7.2808,"2045":6.5116,"2050":5.6949,"2055":4.9215,"2060":4.311,"2065":3.8358,"2070":3.3473}},"geometry":{"type":"Polygon","coordinates":[[[141.69375,39.60416666666667],[141.69375,39.60833333333334],[141.7,39.60833333333334],[141.7,39.60416666666667],[141.69375,39.60416666666667]]]}},{"type":"Feature","id":"594135261","properties":{"meshId":"594135261","cityCode":"03202","population":{"2020":7.0399,"2025":6.9454,"2030":6.603,"2035":6.3124,"2040":5.7482,"2045":5.1284,"2050":4.5619,"2055":4.0457,"2060":3.63,"2065":3.2827,"2070":3.0636}},"geometry":{"type":"Polygon","coordinates":[[[141.7,39.6],[141.7,39.60416666666667],[141.70625,39.60416666666667],[141.70625,39.6],[141.7,39.6]]]}},{"type":"Feature","id":"594135281","properties":{"meshId":"594135281","cityCode":"03202","population":{"2020":4.0248,"2025":3.1985,"2030":2.4405,"2035":0.0,"2040":0.0,"2045":0.0,"2050":0.0,"2055":0.0,"2060":0.0,"2065":0.0,"2070":0.0}},"geometry":{"type":"Polygon","coordinates":[[[141.725,39.6],[141.725,39.60416666666667],[141.73125,39.60416666666667],[141.73125,39.6],[141.725,39.6]]]}},{"type":"Feature","id":"594135301","properties":{"meshId":"594135301","cityCode":"03202","population":{"2020":2.0117,"2025":1.2568,"2030":0.9224,"2035":0.6941,"2040":0.4628,"2045":0.2386,"2050":0.0704,"2055":0.0219,"2060":0.007,"2065":0.0023,"2070":0.0}},"geometry":{"type":"Polygon","coordinates":[[[141.625,39.608333333333334],[141.625,39.6125],[141.63125,39.6125],[141.63125,39.608333333333334],[141.625,39.608333333333334]]]}},{"type":"Feature","id":"594135302","properties":{"meshId":"594135302","cityCode":"03202","population":{"2020":1.002,"2025":0.6011,"2030":0.2205,"2035":0.0828,"2040":0.0324,"2045":0.0133,"2050":0.0053,"2055":0.0021,"2060":0.0008,"2065":0.0004,"2070":0.0}},"geometry":{"type":"Polygon","coordinates":[[[141.63125,39.608333333333334],[141.63125,39.6125],[141.6375,39.6125],[141.6375,39.608333333333334],[141.63125,39.608333333333334]]]}},{"type":"Feature","id":"594135303","properties":{"meshId":"594135303","cityCode":"03202","population":{"2020":57.2709,"2025":47.3748,"2030":37.6315,"2035":30.0961,"2040":24.3617,"2045":19.1241,"2050":14.8563,"2055":11.5,"2060":8.9888,"2065":7.6566,"2070":0.0}},"geometry":{"type":"Polygon","coordinates":[[[141.625,39.6125],[141.625,39.616666666666674],[141.63125,39.616666666666674],[141.63125,39.6125],[141.625,39.6125]]]}},{"type":"Feature","id":"594135311","properties":{"meshId":"594135311","cityCode":"03202","population":{"2020":18.1517,"2025":17.5824,"2030":16.4831,"2035":15.7086,"2040":14.4298,"2045":12.9434,"2050":11.5816,"2055":10.2319,"2060":9.1264,"2065":8.0686,"2070":6.8319}},"geometry":{"type":"Polygon","coordinates":[[[141.6375,39.608333333333334],[141.6375,39.6125],[141.64375,39.6125],[141.64375,39.608333333333334],[141.6375,39.608333333333334]]]}},{"type":"Feature","id":"594135312","properties":{"meshId":"594135312","cityCode":"03202","population":{"2020":11.062,"2025":8.6986,"2030":6.6841,"2035":4.9614,"2040":3.7709,"2045":2.9637,"2050":2.5038,"2055":2.1036,"2060":1.6871,"2065":1.2115,"2070":0.7656}},"geometry":{"type":"Polygon","coordinates":[[[141.64375,39.608333333333334],[141.64375,39.6125],[141.65,39.6125],[141.65,39.608333333333334],[141.64375,39.608333333333334]]]}},{"type":"Feature","id":"594135321","properties":{"meshId":"594135321","cityCode":"03202","population":{"2020":3.0105,"2025":2.3468,"2030":0.0,"2035":0.0,"2040":0.0,"2045":0.0,"2050":0.0,"2055":0.0,"2060":0.0,"2065":0.0,"2070":0.0}},"geometry":{"type":"Polygon","coordinates":[[[141.65,39.608333333333334],[141.65,39.6125],[141.65625,39.6125],[141.65625,39.608333333333334],[141.65,39.608333333333334]]]}},{"type":"Feature","id":"594135401","properties":{"meshId":"594135401","cityCode":"03202","population":{"2020":17.0819,"2025":13.9791,"2030":10.4733,"2035":7.3728,"2040":5.3472,"2045":3.8312,"2050":2.45,"2055":1.4506,"2060":0.0,"2065":0.0,"2070":0.0}},"geometry":{"type":"Polygon","coordinates":[[[141.625,39.61666666666667],[141.625,39.62083333333334],[141.63125,39.62083333333334],[141.63125,39.61666666666667],[141.625,39.61666666666667]]]}},{"type":"Feature","id":"594135791","properties":{"meshId":"594135791","cityCode":"03202","population":{"2020":8.0474,"2025":7.3459,"2030":6.0532,"2035":4.8235,"2040":4.6807,"2045":4.5983,"2050":4.5229,"2055":4.3272,"2060":3.9759,"2065":3.6036,"2070":3.2661}},"geometry":{"type":"Polygon","coordinates":[[[141.7375,39.641666666666666],[141.7375,39.645833333333336],[141.74375,39.645833333333336],[141.74375,39.641666666666666],[141.7375,39.641666666666666]]]}},{"type":"Feature","id":"594135794","properties":{"meshId":"594135794","cityCode":"03202","population":{"2020":10.0718,"2025":8.711,"2030":8.2794,"2035":7.624,"2040":7.1521,"2045":6.4815,"2050":5.8801,"2055":5.565,"2060":5.1196,"2065":4.6546,"2070":4.0952}},"geometry":{"type":"Polygon","coordinates":[[[141.74375,39.645833333333336],[141.74375,39.65],[141.75,39.65],[141.75,39.645833333333336],[141.74375,39.645833333333336]]]}},{"type":"Feature","id":"594135892","properties":{"meshId":"594135892","cityCode":"03202","population":{"2020":27.172,"2025":24.7686,"2030":22.3141,"2035":20.0635,"2040":17.4506,"2045":14.8885,"2050":12.8173,"2055":10.8318,"2060":9.7487,"2065":8.7702,"2070":7.8804}},"geometry":{"type":"Polygon","coordinates":[[[141.74375,39.65],[141.74375,39.654166666666676],[141.75,39.654166666666676],[141.75,39.65],[141.74375,39.65]]]}},{"type":"Feature","id":"594135893","properties":{"meshId":"594135893","cityCode":"03202","population":{"2020":11.0804,"2025":10.778,"2030":10.0242,"2035":8.7214,"2040":8.1186,"2045":7.8132,"2050":7.3469,"2055":6.7795,"2060":5.9882,"2065":5.4555,"2070":5.0626}},"geometry":{"type":"Polygon","coordinates":[[[141.7375,39.654166666666676],[141.7375,39.658333333333346],[141.74375,39.658333333333346],[141.74375,39.654166666666676],[141.7375,39.654166666666676]]]}},{"type":"Feature","id":"594135894","properties":{"meshId":"594135894","cityCode":"03202","population":{"2020":30.141,"2025":26.357,"2030":22.7274,"2035":19.5064,"2040":16.8329,"2045":14.5515,"2050":12.4005,"2055":10.3905,"2060":9.143,"2065":7.9842,"2070":6.734}},"geometry":{"type":"Polygon","coordinates":[[[141.74375,39.654166666666676],[141.74375,39.658333333333346],[141.75,39.658333333333346],[141.75,39.654166666666676],[141.74375,39.654166666666676]]]}},{"type":"Feature","id":"594135982","properties":{"meshId":"594135982","cityCode":"03202","population":{"2020":24.144,"2025":20.8822,"2030":19.1069,"2035":17.1258,"2040":15.0298,"2045":12.4263,"2050":9.74,"2055":7.4397,"2060":6.2713,"2065":5.4809,"2070":4.8357}},"geometry":{"type":"Polygon","coordinates":[[[141.73125,39.65833333333334],[141.73125,39.6625],[141.7375,39.6625],[141.7375,39.65833333333334],[141.73125,39.65833333333334]]]}},{"type":"Feature","id":"594135984","properties":{"meshId":"594135984","cityCode":"03202","population":{"2020":36.2577,"2025":31.9633,"2030":28.8252,"2035":26.5261,"2040":23.8869,"2045":20.7741,"2050":17.1541,"2055":13.7076,"2060":11.2574,"2065":9.7843,"2070":8.4074}},"geometry":{"type":"Polygon","coordinates":[[[141.73125,39.6625],[141.73125,39.66666666666668],[141.7375,39.66666666666668],[141.7375,39.6625],[141.73125,39.6625]]]}},{"type":"Feature","id":"594135991","properties":{"meshId":"594135991","cityCode":"03202","population":{"2020":27.1423,"2025":23.1563,"2030":18.6744,"2035":14.7218,"2040":12.0969,"2045":9.5908,"2050":7.9101,"2055":6.7905,"2060":5.9523,"2065":5.1369,"2070":4.156}},"geometry":{"type":"Polygon","coordinates":[[[141.7375,39.65833333333334],[141.7375,39.6625],[141.74375,39.6625],[141.74375,39.65833333333334],[141.7375,39.65833333333334]]]}},{"type":"Feature","id":"594135993","properties":{"meshId":"594135993","cityCode":"03202","population":{"2020":3.0038,"2025":3.1632,"2030":3.0434,"2035":2.7507,"2040":3.093,"2045":3.3077,"2050":3.4757,"2055":3.6314,"2060":3.521,"2065":3.4229,"2070":3.3243}},"geometry":{"type":"Polygon","coordinates":[[[141.7375,39.6625],[141.7375,39.66666666666668],[141.74375,39.66666666666668],[141.74375,39.6625],[141.7375,39.6625]]]}},{"type":"Feature","id":"594136084","properties":{"meshId":"594136084","cityCode":"03202","population":{"2020":9.0472,"2025":7.6062,"2030":6.8181,"2035":6.2911,"2040":5.5596,"2045":4.7426,"2050":0.0,"2055":0.0,"2060":0.0,"2065":0.0,"2070":0.0}},"geometry":{"type":"Polygon","coordinates":[[[141.85625,39.5875],[141.85625,39.591666666666676],[141.8625,39.591666666666676],[141.8625,39.5875],[141.85625,39.5875]]]}},{"type":"Feature","id":"594136093","properties":{"meshId":"594136093","cityCode":"03202","population":{"2020":21.0698,"2025":19.212,"2030":16.8352,"2035":14.2217,"2040":12.7253,"2045":11.3706,"2050":10.0716,"2055":9.0279,"2060":8.2374,"2065":7.4701,"2070":6.4952}},"geometry":{"type":"Polygon","coordinates":[[[141.8625,39.5875],[141.8625,39.591666666666676],[141.86875,39.591666666666676],[141.86875,39.5875],[141.8625,39.5875]]]}},{"type":"Feature","id":"594136094","properties":{"meshId":"594136094","cityCode":"03202","population":{"2020":1.0013,"2025":0.4619,"2030":0.1193,"2035":0.0319,"2040":0.0089,"2045":0.0026,"2050":0.0008,"2055":0.0002,"2060":0.0001,"2065":0.0,"2070":0.0}},"geometry":{"type":"Polygon","coordinates":[[[141.86875,39.5875],[141.86875,39.591666666666676],[141.875,39.591666666666676],[141.875,39.5875],[141.86875,39.5875]]]}},{"type":"Feature","id":"594136104","properties":{"meshId":"594136104","cityCode":"03202","population":{"2020":13.0718,"2025":11.0141,"2030":9.0283,"2035":7.4555,"2040":6.1842,"2045":5.1916,"2050":4.1043,"2055":0.0,"2060":0.0,"2065":0.0,"2070":0.0}},"geometry":{"type":"Polygon","coordinates":[[[141.75625,39.59583333333334],[141.75625,39.6],[141.7625,39.6],[141.7625,39.59583333333334],[141.75625,39.59583333333334]]]}},{"type":"Feature","id":"594136113","properties":{"meshId":"594136113","cityCode":"03202","population":{"2020":3.0085,"2025":2.2773,"2030":0.0,"2035":0.0,"2040":0.0,"2045":0.0,"2050":0.0,"2055":0.0,"2060":0.0,"2065":0.0,"2070":0.0}},"geometry":{"type":"Polygon","coordinates":[[[141.7625,39.59583333333334],[141.7625,39.6],[141.76875,39.6],[141.76875,39.59583333333334],[141.7625,39.59583333333334]]]}},{"type":"Feature","id":"594136192","properties":{"meshId":"594136192","cityCode":"03202","population":{"2020":30.2195,"2025":28.8148,"2030":26.976,"2035":24.7257,"2040":22.4321,"2045":19.987,"2050":17.252,"2055":15.3312,"2060":13.6295,"2065":12.4625,"2070":11.5973}},"geometry":{"type":"Polygon","coordinates":[[[141.86875,39.59166666666667],[141.86875,39.59583333333334],[141.875,39.59583333333334],[141.875,39.59166666666667],[141.86875,39.59166666666667]]]}},{"type":"Feature","id":"594136202","properties":{"meshId":"594136202","cityCode":"03202","population":{"2020":15.0903,"2025":12.4139,"2030":10.4957,"2035":8.968,"2040":7.7326,"2045":7.0216,"2050":6.272,"2055":5.3725,"2060":4.5899,"2065":3.8917,"2070":3.3146}},"geometry":{"type":"Polygon","coordinates":[[[141.75625,39.6],[141.75625,39.60416666666667],[141.7625,39.60416666666667],[141.7625,39.6],[141.75625,39.6]]]}},{"type":"Feature","id":"594136204","properties":{"meshId":"594136204","cityCode":"03202","population":{"2020":8.0618,"2025":7.8463,"2030":7.4337,"2035":7.0155,"2040":5.9533,"2045":4.797,"2050":3.9523,"2055":3.3631,"2060":3.1449,"2065":3.0693,"2070":2.9708}},"geometry":{"type":"Polygon","coordinates":[[[141.75625,39.60416666666667],[141.75625,39.60833333333334],[141.7625,39.60833333333334],[141.7625,39.60416666666667],[141.75625,39.60416666666667]]]}},{"type":"Feature","id":"594136211","properties":{"meshId":"594136211","cityCode":"03202","population":{"2020":19.1435,"2025":15.9704,"2030":13.4819,"2035":11.4531,"2040":9.7833,"2045":8.0517,"2050":6.593,"2055":5.3248,"2060":4.2423,"2065":3.1998,"2070":2.3219}},"geometry":{"type":"Polygon","coordinates":[[[141.7625,39.6],[141.7625,39.60416666666667],[141.76875,39.60416666666667],[141.76875,39.6],[141.7625,39.6]]]}},{"type":"Feature","id":"594136212","properties":{"meshId":"594136212","cityCode":"03202","population":{"2020":25.1493,"2025":22.223,"2030":19.9707,"2035":17.2864,"2040":14.2215,"2045":11.6584,"2050":9.6047,"2055":8.0469,"2060":6.9633,"2065":6.329,"2070":5.823}},"geometry":{"type":"Polygon","coordinates":[[[141.76875,39.6],[141.76875,39.60416666666667],[141.775,39.60416666666667],[141.775,39.6],[141.76875,39.6]]]}},{"type":"Feature","id":"594136213","properties":{"meshId":"594136213","cityCode":"03202","population":{"2020":21.1165,"2025":19.1659,"2030":16.7947,"2035":14.6207,"2040":12.5458,"2045":10.3266,"2050":8.2369,"2055":6.205,"2060":4.9023,"2065":3.8881,"2070":3.0627}},"geometry":{"type":"Polygon","coordinates":[[[141.7625,39.60416666666667],[141.7625,39.60833333333334],[141.76875,39.60833333333334],[141.76875,39.60416666666667],[141.7625,39.60416666666667]]]}},{"type":"Feature","id":"594136214","properties":{"meshId":"594136214","cityCode":"03202","population":{"2020":5.029,"2025":4.0654,"2030":3.0197,"2035":2.5101,"2040":2.1893,"2045":2.0362,"2050":1.8831,"2055":1.6579,"2060":1.3611,"2065":1.2084,"2070":1.0877}},"geometry":{"type":"Polygon","coordinates":[[[141.76875,39.60416666666667],[141.76875,39.60833333333334],[141.775,39.60833333333334],[141.775,39.60416666666667],[141.76875,39.60416666666667]]]}},{"type":"Feature","id":"594136224","properties":{"meshId":"594136224","cityCode":"03202","population":{"2020":4.031,"2025":3.3095,"2030":2.5001,"2035":0.0,"2040":0.0,"2045":0.0,"2050":0.0,"2055":0.0,"2060":0.0,"2065":0.0,"2070":0.0}},"geometry":{"type":"Polygon","coordinates":[[[141.78125,39.60416666666667],[141.78125,39.60833333333334],[141.7875,39.60833333333334],[141.7875,39.60416666666667],[141.78125,39.60416666666667]]]}},{"type":"Feature","id":"594136334","properties":{"meshId":"594136334","cityCode":"03202","population":{"2020":46.2918,"2025":42.5461,"2030":37.4246,"2035":32.7267,"2040":28.7689,"2045":25.1817,"2050":21.9008,"2055":19.1597,"2060":16.7331,"2065":14.7202,"2070":13.1411}},"geometry":{"type":"Polygon","coordinates":[[[141.79375,39.6125],[141.79375,39.616666666666674],[141.8,39.616666666666674],[141.8,39.6125],[141.79375,39.6125]]]}},{"type":"Feature","id":"594136343","properties":{"meshId":"594136343","cityCode":"03202","population":{"2020":35.2184,"2025":32.5627,"2030":30.2822,"2035":26.9918,"2040":23.4578,"2045":19.8681,"2050":16.8331,"2055":14.4268,"2060":12.6274,"2065":11.0815,"2070":9.6062}},"geometry":{"type":"Polygon","coordinates":[[[141.8,39.6125],[141.8,39.616666666666674],[141.80625,39.616666666666674],[141.80625,39.6125],[141.8,39.6125]]]}},{"type":"Feature","id":"594136431","properties":{"meshId":"594136431","cityCode":"03202","population":{"2020":3.0237,"2025":2.5098,"2030":1.9164,"2035":1.4875,"2040":1.1192,"2045":0.9269,"2050":0.7897,"2055":0.6498,"2060":0.4713,"2065":0.2676,"2070":0.088}},"geometry":{"type":"Polygon","coordinates":[[[141.7875,39.61666666666667],[141.7875,39.62083333333334],[141.79375,39.62083333333334],[141.79375,39.61666666666667],[141.7875,39.61666666666667]]]}},{"type":"Feature","id":"594136432","properties":{"meshId":"594136432","cityCode":"03202","population":{"2020":17.1357,"2025":16.0629,"2030":14.7077,"2035":13.0117,"2040":11.119,"2045":9.2998,"2050":7.5181,"2055":5.9106,"2060":4.4235,"2065":2.9932,"2070":1.8199}},"geometry":{"type":"Polygon","coordinates":[[[141.79375,39.61666666666667],[141.79375,39.62083333333334],[141.8,39.62083333333334],[141.8,39.61666666666667],[141.79375,39.61666666666667]]]}},{"type":"Feature","id":"594136433","properties":{"meshId":"594136433","cityCode":"03202","population":{"2020":27.1653,"2025":25.6386,"2030":23.4532,"2035":20.7764,"2040":17.5147,"2045":15.3808,"2050":13.4844,"2055":12.2206,"2060":11.2922,"2065":10.1352,"2070":9.0987}},"geometry":{"type":"Polygon","coordinates":[[[141.7875,39.62083333333334],[141.7875,39.625],[141.79375,39.625],[141.79375,39.62083333333334],[141.7875,39.62083333333334]]]}},{"type":"Feature","id":"594136434","properties":{"meshId":"594136434","cityCode":"03202","population":{"2020":151.7689,"2025":130.9701,"2030":109.2097,"2035":89.4289,"2040":74.9467,"2045":62.9523,"2050":52.6546,"2055":44.329,"2060":37.9254,"2065":32.7171,"2070":28.3092}},"geometry":{"type":"Polygon","coordinates":[[[141.79375,39.62083333333334],[141.79375,39.625],[141.8,39.625],[141.8,39.62083333333334],[141.79375,39.62083333333334]]]}},{"type":"Feature","id":"594136441","properties":{"meshId":"594136441","cityCode":"03202","population":{"2020":80.4696,"2025":73.5451,"2030":65.7065,"2035":58.4368,"2040":50.437,"2045":44.2054,"2050":38.6263,"2055":33.6943,"2060":29.8051,"2065":26.1427,"2070":22.852}},"geometry":{"type":"Polygon","coordinates":[[[141.8,39.61666666666667],[141.8,39.62083333333334],[141.80625,39.62083333333334],[141.80625,39.61666666666667],[141.8,39.61666666666667]]]}},{"type":"Feature","id":"594136442","properties":{"meshId":"594136442","cityCode":"03202","population":{"2020":19.1115,"2025":18.0264,"2030":16.8075,"2035":15.285,"2040":14.1758,"2045":13.0039,"2050":11.6158,"2055":10.4228,"2060":9.1736,"2065":8.0219,"2070":7.2124}},"geometry":{"type":"Polygon","coordinates":[[[141.80625,39.61666666666667],[141.80625,39.62083333333334],[141.8125,39.62083333333334],[141.8125,39.61666666666667],[141.80625,39.61666666666667]]]}},{"type":"Feature","id":"594136443","properties":{"meshId":"594136443","cityCode":"03202","population":{"2020":6.0323,"2025":4.9667,"2030":3.937,"2035":3.0626,"2040":2.4526,"2045":1.9985,"2050":1.7184,"2055":1.4519,"2060":1.122,"2065":0.6832,"2070":0.3637}},"geometry":{"type":"Polygon","coordinates":[[[141.8,39.62083333333334],[141.8,39.625],[141.80625,39.625],[141.80625,39.62083333333334],[141.8,39.62083333333334]]]}},{"type":"Feature","id":"594136444","properties":{"meshId":"594136444","cityCode":"03202","population":{"2020":14.0792,"2025":11.0579,"2030":8.9012,"2035":7.0749,"2040":5.4064,"2045":3.9391,"2050":2.8322,"2055":1.9812,"2060":1.3493,"2065":1.0061,"2070":0.858}},"geometry":{"type":"Polygon","coordinates":[[[141.80625,39.62083333333334],[141.80625,39.625],[141.8125,39.625],[141.8125,39.62083333333334],[141.80625,39.62083333333334]]]}},{"type":"Feature","id":"594136464","properties":{"meshId":"594136464","cityCode":"03202","population":{"2020":19.1065,"2025":17.0532,"2030":15.2893,"2035":13.5045,"2040":12.0514,"2045":10.9318,"2050":9.8782,"2055":8.6358,"2060":0.0,"2065":0.0,"2070":0.0}},"geometry":{"type":"Polygon","coordinates":[[[141.83125,39.62083333333334],[141.83125,39.625],[141.8375,39.625],[141.8375,39.62083333333334],[141.83125,39.62083333333334]]]}},{"type":"Feature","id":"594136472","properties":{"meshId":"594136472","cityCode":"03202","population":{"2020":6.0411,"2025":5.1633,"2030":4.1574,"2035":3.2775,"2040":2.4786,"2045":1.9723,"2050":1.5953,"2055":1.3023,"2060":1.0174,"2065":0.7205,"2070":0.4835}},"geometry":{"type":"Polygon","coordinates":[[[141.84375,39.61666666666667],[141.84375,39.62083333333334],[141.85,39.62083333333334],[141.85,39.61666666666667],[141.84375,39.61666666666667]]]}},{"type":"Feature","id":"594136474","properties":{"meshId":"594136474","cityCode":"03202","population":{"2020":12.0363,"2025":11.0143,"2030":10.335,"2035":10.1731,"2040":10.1905,"2045":10.0134,"2050":9.5981,"2055":9.143,"2060":8.6784,"2065":8.2561,"2070":7.8153}},"geometry":{"type":"Polygon","coordinates":[[[141.84375,39.62083333333334],[141.84375,39.625],[141.85,39.625],[141.85,39.62083333333334],[141.84375,39.62083333333334]]]}},{"type":"Feature","id":"594136483","properties":{"meshId":"594136483","cityCode":"03202","population":{"2020":8.0712,"2025":7.6245,"2030":6.9807,"2035":6.1807,"2040":5.3567,"2045":4.3753,"2050":0.0,"2055":0.0,"2060":0.0,"2065":0.0,"2070":0.0}},"geometry":{"type":"Polygon","coordinates":[[[141.85,39.62083333333334],[141.85,39.625],[141.85625,39.625],[141.85625,39.62083333333334],[141.85,39.62083333333334]]]}},{"type":"Feature","id":"594136522","properties":{"meshId":"594136522","cityCode":"03202","population":{"2020":50.1089,"2025":29.4107,"2030":16.2182,"2035":8.1126,"2040":3.8077,"2045":1.5531,"2050":0.5819,"2055":0.219,"2060":0.0847,"2065":0.0347,"2070":0.0144}},"geometry":{"type":"Polygon","coordinates":[[[141.78125,39.625],[141.78125,39.62916666666667],[141.7875,39.62916666666667],[141.7875,39.625],[141.78125,39.625]]]}},{"type":"Feature","id":"594136524","properties":{"meshId":"594136524","cityCode":"03202","population":{"2020":42.2869,"2025":38.9043,"2030":35.3336,"2035":31.8939,"2040":27.3657,"2045":22.8634,"2050":18.9541,"2055":15.9616,"2060":13.7193,"2065":11.8478,"2070":10.2}},"geometry":{"type":"Polygon","coordinates":[[[141.78125,39.62916666666667],[141.78125,39.63333333333334],[141.7875,39.63333333333334],[141.7875,39.62916666666667],[141.78125,39.62916666666667]]]}},{"type":"Feature","id":"594136531","properties":{"meshId":"594136531","cityCode":"03202","population":{"2020":99.5098,"2025":77.7564,"2030":62.3727,"2035":51.766,"2040":44.1865,"2045":38.001,"2050":32.3765,"2055":27.7159,"2060":24.3108,"2065":21.3477,"2070":18.8473}},"geometry":{"type":"Polygon","coordinates":[[[141.7875,39.625],[141.7875,39.62916666666667],[141.79375,39.62916666666667],[141.79375,39.625],[141.7875,39.625]]]}},{"type":"Feature","id":"594136533","properties":{"meshId":"594136533","cityCode":"03202","population":{"2020":6.0348,"2025":5.0418,"2030":3.8679,"2035":2.6296,"2040":1.6251,"2045":0.7942,"2050":0.3629,"2055":0.1184,"2060":0.0398,"2065":0.014,"2070":0.0051}},"geometry":{"type":"Polygon","coordinates":[[[141.7875,39.62916666666667],[141.7875,39.63333333333334],[141.79375,39.63333333333334],[141.79375,39.62916666666667],[141.7875,39.62916666666667]]]}},{"type":"Feature","id":"594136551","properties":{"meshId":"594136551","cityCode":"03202","population":{"2020":5.0442,"2025":4.1386,"2030":3.6558,"2035":3.1657,"2040":2.7306,"2045":2.3027,"2050":1.9747,"2055":0.0,"2060":0.0,"2065":0.0,"2070":0.0}},"geometry":{"type":"Polygon","coordinates":[[[141.8125,39.625],[141.8125,39.62916666666667],[141.81875,39.62916666666667],[141.81875,39.625],[141.8125,39.625]]]}},{"type":"Feature","id":"594136552","properties":{"meshId":"594136552","cityCode":"03202","population":{"2020":8.0608,"2025":7.4399,"2030":6.7421,"2035":6.2007,"2040":5.5582,"2045":4.7423,"2050":3.8503,"2055":0.0,"2060":0.0,"2065":0.0,"2070":0.0}},"geometry":{"type":"Polygon","coordinates":[[[141.81875,39.625],[141.81875,39.62916666666667],[141.825,39.62916666666667],[141.825,39.625],[141.81875,39.625]]]}},{"type":"Feature","id":"594136562","properties":{"meshId":"594136562","cityCode":"03202","population":{"2020":112.7549,"2025":100.2333,"2030":89.9644,"2035":79.3803,"2040":69.5835,"2045":59.1849,"2050":49.5559,"2055":41.6032,"2060":35.0735,"2065":30.4376,"2070":26.5699}},"geometry":{"type":"Polygon","coordinates":[[[141.83125,39.625],[141.83125,39.62916666666667],[141.8375,39.62916666666667],[141.8375,39.625],[141.83125,39.625]]]}},{"type":"Feature","id":"594136564","properties":{"meshId":"594136564","cityCode":"03202","population":{"2020":81.4638,"2025":69.5034,"2030":58.8909,"2035":48.9306,"2040":39.6891,"2045":32.3914,"2050":26.1721,"2055":21.3961,"2060":17.8505,"2065":14.8646,"2070":12.5424}},"geometry":{"type":"Polygon","coordinates":[[[141.83125,39.62916666666667],[141.83125,39.63333333333334],[141.8375,39.63333333333334],[141.8375,39.62916666666667],[141.83125,39.62916666666667]]]}},{"type":"Feature","id":"594136571","properties":{"meshId":"594136571","cityCode":"03202","population":{"2020":45.2788,"2025":40.3308,"2030":35.8869,"2035":31.6895,"2040":27.8392,"2045":24.2814,"2050":21.4081,"2055":18.9168,"2060":16.71,"2065":15.1338,"2070":13.5586}},"geometry":{"type":"Polygon","coordinates":[[[141.8375,39.625],[141.8375,39.62916666666667],[141.84375,39.62916666666667],[141.84375,39.625],[141.8375,39.625]]]}},{"type":"Feature","id":"594136572","properties":{"meshId":"594136572","cityCode":"03202","population":{"2020":35.2014,"2025":31.4957,"2030":27.2581,"2035":23.6443,"2040":20.289,"2045":16.7778,"2050":13.5059,"2055":11.0419,"2060":9.1074,"2065":7.4581,"2070":5.9662}},"geometry":{"type":"Polygon","coordinates":[[[141.84375,39.625],[141.84375,39.62916666666667],[141.85,39.62916666666667],[141.85,39.625],[141.84375,39.625]]]}},{"type":"Feature","id":"594136573","properties":{"meshId":"594136573","cityCode":"03202","population":{"2020":79.4909,"2025":70.8971,"2030":61.9754,"2035":54.3287,"2040":48.6207,"2045":42.7751,"2050":38.0355,"2055":33.3662,"2060":29.1933,"2065":24.9296,"2070":20.6653}},"geometry":{"type":"Polygon","coordinates":[[[141.8375,39.62916666666667],[141.8375,39.63333333333334],[141.84375,39.63333333333334],[141.84375,39.62916666666667],[141.8375,39.62916666666667]]]}},{"type":"Feature","id":"594136574","properties":{"meshId":"594136574","cityCode":"03202","population":{"2020":10.0641,"2025":9.2158,"2030":7.9028,"2035":6.4954,"2040":5.2607,"2045":4.2171,"2050":3.3137,"2055":2.3889,"2060":1.5948,"2065":1.1671,"2070":0.9171}},"geometry":{"type":"Polygon","coordinates":[[[141.84375,39.62916666666667],[141.84375,39.63333333333334],[141.85,39.63333333333334],[141.85,39.62916666666667],[141.84375,39.62916666666667]]]}},{"type":"Feature","id":"594136581","properties":{"meshId":"594136581","cityCode":"03202","population":{"2020":40.2515,"2025":34.1935,"2030":29.9424,"2035":26.9316,"2040":24.1192,"2045":21.4878,"2050":18.7237,"2055":15.893,"2060":13.3096,"2065":11.2083,"2070":9.3783}},"geometry":{"type":"Polygon","coordinates":[[[141.85,39.625],[141.85,39.62916666666667],[141.85625,39.62916666666667],[141.85625,39.625],[141.85,39.625]]]}},{"type":"Feature","id":"594136584","properties":{"meshId":"594136584","cityCode":"03202","population":{"2020":100.563,"2025":88.9618,"2030":76.5237,"2035":66.1655,"2040":57.3594,"2045":50.4724,"2050":44.1595,"2055":38.6332,"2060":33.3234,"2065":28.587,"2070":24.3742}},"geometry":{"type":"Polygon","coordinates":[[[141.85625,39.62916666666667],[141.85625,39.63333333333334],[141.8625,39.63333333333334],[141.8625,39.62916666666667],[141.85625,39.62916666666667]]]}},{"type":"Feature","id":"594136592","properties":{"meshId":"594136592","cityCode":"03202","population":{"2020":68.4319,"2025":61.7782,"2030":57.0067,"2035":52.0402,"2040":46.4502,"2045":41.3342,"2050":36.7149,"2055":32.8432,"2060":29.264,"2065":25.9992,"2070":23.0064}},"geometry":{"type":"Polygon","coordinates":[[[141.86875,39.625],[141.86875,39.62916666666667],[141.875,39.62916666666667],[141.875,39.625],[141.86875,39.625]]]}},{"type":"Feature","id":"594136593","properties":{"meshId":"594136593","cityCode":"03202","population":{"2020":7.0245,"2025":5.0901,"2030":3.4659,"2035":2.3458,"2040":1.4129,"2045":0.7837,"2050":0.287,"2055":0.1065,"2060":0.0407,"2065":0.0165,"2070":0.0068}},"geometry":{"type":"Polygon","coordinates":[[[141.8625,39.62916666666667],[141.8625,39.63333333333334],[141.86875,39.63333333333334],[141.86875,39.62916666666667],[141.8625,39.62916666666667]]]}},{"type":"Feature","id":"594136604","properties":{"meshId":"594136604","cityCode":"03202","population":{"2020":14.0742,"2025":11.7098,"2030":9.9361,"2035":8.9969,"2040":8.0329,"2045":7.0874,"2050":6.3281,"2055":0.0,"2060":0.0,"2065":0.0,"2070":0.0}},"geometry":{"type":"Polygon","coordinates":[[[141.75625,39.6375],[141.75625,39.64166666666667],[141.7625,39.64166666666667],[141.7625,39.6375],[141.75625,39.6375]]]}},{"type":"Feature","id":"594136612","properties":{"meshId":"594136612","cityCode":"03202","population":{"2020":17.0757,"2025":16.3677,"2030":14.7596,"2035":13.0362,"2040":11.7229,"2045":11.2668,"2050":10.6939,"2055":10.0123,"2060":9.4129,"2065":8.6592,"2070":7.8768}},"geometry":{"type":"Polygon","coordinates":[[[141.76875,39.63333333333333],[141.76875,39.6375],[141.775,39.6375],[141.775,39.63333333333333],[141.76875,39.63333333333333]]]}},{"type":"Feature","id":"594136613","properties":{"meshId":"594136613","cityCode":"03202","population":{"2020":40.2277,"2025":38.1754,"2030":34.2998,"2035":30.3849,"2040":27.2287,"2045":24.7361,"2050":22.6667,"2055":20.3272,"2060":17.9872,"2065":15.5679,"2070":13.5783}},"geometry":{"type":"Polygon","coordinates":[[[141.7625,39.6375],[141.7625,39.64166666666667],[141.76875,39.64166666666667],[141.76875,39.6375],[141.7625,39.6375]]]}},{"type":"Feature","id":"594136614","properties":{"meshId":"594136614","cityCode":"03202","population":{"2020":63.3589,"2025":54.601,"2030":46.0374,"2035":39.9187,"2040":34.0176,"2045":28.6369,"2050":24.298,"2055":20.8854,"2060":18.1815,"2065":16.2658,"2070":14.5232}},"geometry":{"type":"Polygon","coordinates":[[[141.76875,39.6375],[141.76875,39.64166666666667],[141.775,39.64166666666667],[141.775,39.6375],[141.76875,39.6375]]]}},{"type":"Feature","id":"594136621","properties":{"meshId":"594136621","cityCode":"03202","population":{"2020":7.0562,"2025":7.0938,"2030":6.9084,"2035":6.7739,"2040":6.3075,"2045":5.4993,"2050":4.8439,"2055":0.0,"2060":0.0,"2065":0.0,"2070":0.0}},"geometry":{"type":"Polygon","coordinates":[[[141.775,39.63333333333333],[141.775,39.6375],[141.78125,39.6375],[141.78125,39.63333333333333],[141.775,39.63333333333333]]]}},{"type":"Feature","id":"594136622","properties":{"meshId":"594136622","cityCode":"03202","population":{"2020":1.0151,"2025":0.9948,"2030":0.9599,"2035":0.9069,"2040":0.8307,"2045":0.7408,"2050":0.6219,"2055":0.0,"2060":0.0,"2065":0.0,"2070":0.0}},"geometry":{"type":"Polygon","coordinates":[[[141.78125,39.63333333333333],[141.78125,39.6375],[141.7875,39.6375],[141.7875,39.63333333333333],[141.78125,39.63333333333333]]]}},{"type":"Feature","id":"594136623","properties":{"meshId":"594136623","cityCode":"03202","population":{"2020":4.0303,"2025":3.4196,"2030":2.775,"2035":2.2271,"2040":1.6807,"2045":1.1951,"2050":0.9634,"2055":0.0,"2060":0.0,"2065":0.0,"2070":0.0}},"geometry":{"type":"Polygon","coordinates":[[[141.775,39.6375],[141.775,39.64166666666667],[141.78125,39.64166666666667],[141.78125,39.6375],[141.775,39.6375]]]}},{"type":"Feature","id":"594136654","properties":{"meshId":"594136654","cityCode":"03202","population":{"2020":7.0376,"2025":6.0792,"2030":4.9384,"2035":4.0118,"2040":3.1576,"2045":0.0,"2050":0.0,"2055":0.0,"2060":0.0,"2065":0.0,"2070":0.0}},"geometry":{"type":"Polygon","coordinates":[[[141.81875,39.6375],[141.81875,39.64166666666667],[141.825,39.64166666666667],[141.825,39.6375],[141.81875,39.6375]]]}},{"type":"Feature","id":"594136661","properties":{"meshId":"594136661","cityCode":"03202","population":{"2020":28.1463,"2025":24.4843,"2030":20.6657,"2035":17.3601,"2040":14.0509,"2045":10.7956,"2050":8.0752,"2055":6.154,"2060":5.1723,"2065":4.441,"2070":3.8098}},"geometry":{"type":"Polygon","coordinates":[[[141.825,39.63333333333333],[141.825,39.6375],[141.83125,39.6375],[141.83125,39.63333333333333],[141.825,39.63333333333333]]]}},{"type":"Feature","id":"594136662","properties":{"meshId":"594136662","cityCode":"03202","population":{"2020":95.6077,"2025":89.8996,"2030":83.2129,"2035":75.8762,"2040":68.5642,"2045":60.8195,"2050":53.0082,"2055":45.8989,"2060":39.2361,"2065":34.5534,"2070":30.777}},"geometry":{"type":"Polygon","coordinates":[[[141.83125,39.63333333333333],[141.83125,39.6375],[141.8375,39.6375],[141.8375,39.63333333333333],[141.83125,39.63333333333333]]]}},{"type":"Feature","id":"594136663","properties":{"meshId":"594136663","cityCode":"03202","population":{"2020":24.1347,"2025":21.8359,"2030":19.0415,"2035":16.5895,"2040":13.8208,"2045":11.1598,"2050":9.0776,"2055":7.4879,"2060":6.1763,"2065":5.1368,"2070":4.0215}},"geometry":{"type":"Polygon","coordinates":[[[141.825,39.6375],[141.825,39.64166666666667],[141.83125,39.64166666666667],[141.83125,39.6375],[141.825,39.6375]]]}},{"type":"Feature","id":"594136664","properties":{"meshId":"594136664","cityCode":"03202","population":{"2020":1.0026,"2025":0.7893,"2030":0.5191,"2035":0.2518,"2040":0.0704,"2045":0.0207,"2050":0.0061,"2055":0.0019,"2060":0.0006,"2065":0.0002,"2070":0.0001}},"geometry":{"type":"Polygon","coordinates":[[[141.83125,39.6375],[141.83125,39.64166666666667],[141.8375,39.64166666666667],[141.8375,39.6375],[141.83125,39.6375]]]}},{"type":"Feature","id":"594136671","properties":{"meshId":"594136671","cityCode":"03202","population":{"2020":73.4054,"2025":64.1693,"2030":54.3186,"2035":45.1323,"2040":36.8648,"2045":30.5184,"2050":25.0293,"2055":20.3925,"2060":16.6733,"2065":13.8594,"2070":11.6075}},"geometry":{"type":"Polygon","coordinates":[[[141.8375,39.63333333333333],[141.8375,39.6375],[141.84375,39.6375],[141.84375,39.63333333333333],[141.8375,39.63333333333333]]]}},{"type":"Feature","id":"594136673","properties":{"meshId":"594136673","cityCode":"03202","population":{"2020":5.0441,"2025":4.6174,"2030":3.9985,"2035":3.2216,"2040":2.4139,"2045":1.8507,"2050":1.4829,"2055":1.1275,"2060":0.7349,"2065":0.3538,"2070":0.1166}},"geometry":{"type":"Polygon","coordinates":[[[141.8375,39.6375],[141.8375,39.64166666666667],[141.84375,39.64166666666667],[141.84375,39.6375],[141.8375,39.6375]]]}},{"type":"Feature","id":"594136701","properties":{"meshId":"594136701","cityCode":"03202","population":{"2020":53.3117,"2025":47.0248,"2030":41.1258,"2035":35.7954,"2040":31.295,"2045":26.2994,"2050":21.7214,"2055":18.3939,"2060":16.2008,"2065":14.807,"2070":13.5598}},"geometry":{"type":"Polygon","coordinates":[[[141.75,39.641666666666666],[141.75,39.645833333333336],[141.75625,39.645833333333336],[141.75625,39.641666666666666],[141.75,39.641666666666666]]]}},{"type":"Feature","id":"594136702","properties":{"meshId":"594136702","cityCode":"03202","population":{"2020":118.6494,"2025":97.8801,"2030":82.4198,"2035":70.2661,"2040":60.1987,"2045":52.0928,"2050":44.1073,"2055":36.8533,"2060":30.9094,"2065":25.9747,"2070":21.8833}},"geometry":{"type":"Polygon","coordinates":[[[141.75625,39.641666666666666],[141.75625,39.645833333333336],[141.7625,39.645833333333336],[141.7625,39.641666666666666],[141.75625,39.641666666666666]]]}},{"type":"Feature","id":"594136703","properties":{"meshId":"594136703","cityCode":"03202","population":{"2020":29.2314,"2025":26.5735,"2030":24.846,"2035":22.2619,"2040":19.6136,"2045":17.1083,"2050":15.084,"2055":13.2377,"2060":11.2198,"2065":9.454,"2070":7.945}},"geometry":{"type":"Polygon","coordinates":[[[141.75,39.645833333333336],[141.75,39.65],[141.75625,39.65],[141.75625,39.645833333333336],[141.75,39.645833333333336]]]}},{"type":"Feature","id":"594136704","properties":{"meshId":"594136704","cityCode":"03202","population":{"2020":47.2547,"2025":41.492,"2030":36.6797,"2035":32.9796,"2040":29.7548,"2045":26.2602,"2050":23.1289,"2055":19.9661,"2060":17.4042,"2065":15.1435,"2070":13.2802}},"geometry":{"type":"Polygon","coordinates":[[[141.75625,39.645833333333336],[141.75625,39.65],[141.7625,39.65],[141.7625,39.645833333333336],[141.75625,39.645833333333336]]]}},{"type":"Feature","id":"594136711","properties":{"meshId":"594136711","cityCode":"03202","population":{"2020":89.6306,"2025":79.4657,"2030":69.8751,"2035":59.4405,"2040":49.9608,"2045":41.0615,"2050":33.1554,"2055":26.1464,"2060":19.9393,"2065":15.5138,"2070":12.2285}},"geometry":{"type":"Polygon","coordinates":[[[141.7625,39.641666666666666],[141.7625,39.645833333333336],[141.76875,39.645833333333336],[141.76875,39.641666666666666],[141.7625,39.641666666666666]]]}},{"type":"Feature","id":"594136712","properties":{"meshId":"594136712","cityCode":"03202","population":{"2020":2.0313,"2025":2.4158,"2030":2.7357,"2035":2.9627,"2040":3.1302,"2045":2.9833,"2050":2.8739,"2055":2.8022,"2060":2.7697,"2065":2.7596,"2070":2.6961}},"geometry":{"type":"Polygon","coordinates":[[[141.76875,39.641666666666666],[141.76875,39.645833333333336],[141.775,39.645833333333336],[141.775,39.641666666666666],[141.76875,39.641666666666666]]]}},{"type":"Feature","id":"594136744","properties":{"meshId":"594136744","cityCode":"03202","population":{"2020":13.1095,"2025":12.9193,"2030":12.1897,"2035":11.1987,"2040":10.7899,"2045":10.7783,"2050":10.5756,"2055":10.2619,"2060":9.458,"2065":8.3823,"2070":7.0614}},"geometry":{"type":"Polygon","coordinates":[[[141.80625,39.645833333333336],[141.80625,39.65],[141.8125,39.65],[141.8125,39.645833333333336],[141.80625,39.645833333333336]]]}},{"type":"Feature","id":"594136751","properties":{"meshId":"594136751","cityCode":"03202","population":{"2020":9.0372,"2025":8.9137,"2030":8.1955,"2035":7.4022,"2040":7.0752,"2045":7.1596,"2050":7.1394,"2055":6.9781,"2060":6.6469,"2065":6.0365,"2070":5.2522}},"geometry":{"type":"Polygon","coordinates":[[[141.8125,39.641666666666666],[141.8125,39.645833333333336],[141.81875,39.645833333333336],[141.81875,39.641666666666666],[141.8125,39.641666666666666]]]}},{"type":"Feature","id":"594136752","properties":{"meshId":"594136752","cityCode":"03202","population":{"2020":6.0387,"2025":6.4728,"2030":6.3246,"2035":6.1377,"2040":6.3366,"2045":6.7127,"2050":6.9681,"2055":7.1238,"2060":7.0106,"2065":6.7601,"2070":6.4595}},"geometry":{"type":"Polygon","coordinates":[[[141.81875,39.641666666666666],[141.81875,39.645833333333336],[141.825,39.645833333333336],[141.825,39.641666666666666],[141.81875,39.641666666666666]]]}},{"type":"Feature","id":"594136753","properties":{"meshId":"594136753","cityCode":"03202","population":{"2020":5.0299,"2025":4.5155,"2030":3.8684,"2035":3.31,"2040":3.1428,"2045":2.7966,"2050":2.39,"2055":1.9341,"2060":1.5052,"2065":1.2181,"2070":0.9573}},"geometry":{"type":"Polygon","coordinates":[[[141.8125,39.645833333333336],[141.8125,39.65],[141.81875,39.65],[141.81875,39.645833333333336],[141.8125,39.645833333333336]]]}},{"type":"Feature","id":"594136801","properties":{"meshId":"594136801","cityCode":"03202","population":{"2020":21.1144,"2025":19.1752,"2030":16.7295,"2035":14.2607,"2040":11.6288,"2045":9.5153,"2050":7.4855,"2055":5.8583,"2060":4.6748,"2065":0.0,"2070":0.0}},"geometry":{"type":"Polygon","coordinates":[[[141.75,39.65],[141.75,39.654166666666676],[141.75625,39.654166666666676],[141.75625,39.65],[141.75,39.65]]]}},{"type":"Feature","id":"594136802","properties":{"meshId":"594136802","cityCode":"03202","population":{"2020":9.06,"2025":8.6872,"2030":8.4299,"2035":8.1556,"2040":8.0044,"2045":7.6161,"2050":7.1068,"2055":6.5535,"2060":5.9845,"2065":0.0,"2070":0.0}},"geometry":{"type":"Polygon","coordinates":[[[141.75625,39.65],[141.75625,39.654166666666676],[141.7625,39.654166666666676],[141.7625,39.65],[141.75625,39.65]]]}},{"type":"Feature","id":"594136862","properties":{"meshId":"594136862","cityCode":"03202","population":{"2020":8.0444,"2025":7.703,"2030":6.9739,"2035":5.9999,"2040":4.8087,"2045":3.7126,"2050":0.0,"2055":0.0,"2060":0.0,"2065":0.0,"2070":0.0}},"geometry":{"type":"Polygon","coordinates":[[[141.83125,39.65],[141.83125,39.654166666666676],[141.8375,39.654166666666676],[141.8375,39.65],[141.83125,39.65]]]}},{"type":"Feature","id":"594136913","properties":{"meshId":"594136913","cityCode":"03202","population":{"2020":8.0437,"2025":6.5678,"2030":5.1152,"2035":4.0391,"2040":3.1239,"2045":0.0,"2050":0.0,"2055":0.0,"2060":0.0,"2065":0.0,"2070":0.0}},"geometry":{"type":"Polygon","coordinates":[[[141.7625,39.6625],[141.7625,39.66666666666668],[141.76875,39.66666666666668],[141.76875,39.6625],[141.7625,39.6625]]]}},{"type":"Feature","id":"594136962","properties":{"meshId":"594136962","cityCode":"03202","population":{"2020":7.0602,"2025":6.1353,"2030":5.0134,"2035":3.9424,"2040":3.2117,"2045":2.606,"2050":0.0,"2055":0.0,"2060":0.0,"2065":0.0,"2070":0.0}},"geometry":{"type":"Polygon","coordinates":[[[141.83125,39.65833333333334],[141.83125,39.6625],[141.8375,39.6625],[141.8375,39.65833333333334],[141.83125,39.65833333333334]]]}},{"type":"Feature","id":"594136963","properties":{"meshId":"594136963","cityCode":"03202","population":{"2020":3.0057,"2025":2.0179,"2030":1.2256,"2035":0.9099,"2040":0.6847,"2045":0.4433,"2050":0.0,"2055":0.0,"2060":0.0,"2065":0.0,"2070":0.0}},"geometry":{"type":"Polygon","coordinates":[[[141.825,39.6625],[141.825,39.66666666666668],[141.83125,39.66666666666668],[141.83125,39.6625],[141.825,39.6625]]]}},{"type":"Feature","id":"594137003","properties":{"meshId":"594137003","cityCode":"03202","population":{"2020":4.0365,"2025":3.6775,"2030":3.1408,"2035":0.0,"2040":0.0,"2045":0.0,"2050":0.0,"2055":0.0,"2060":0.0,"2065":0.0,"2070":0.0}},"geometry":{"type":"Polygon","coordinates":[[[141.875,39.5875],[141.875,39.591666666666676],[141.88125,39.591666666666676],[141.88125,39.5875],[141.875,39.5875]]]}},{"type":"Feature","id":"594137012","properties":{"meshId":"594137012","cityCode":"03202","population":{"2020":8.067,"2025":6.935,"2030":6.5904,"2035":5.7548,"2040":4.8801,"2045":4.0519,"2050":3.4462,"2055":3.0378,"2060":2.6299,"2065":2.2265,"2070":1.8915}},"geometry":{"type":"Polygon","coordinates":[[[141.89375,39.583333333333336],[141.89375,39.5875],[141.9,39.5875],[141.9,39.583333333333336],[141.89375,39.583333333333336]]]}},{"type":"Feature","id":"594137014","properties":{"meshId":"594137014","cityCode":"03202","population":{"2020":31.1931,"2025":28.358,"2030":25.203,"2035":22.272,"2040":19.8706,"2045":17.1837,"2050":15.022,"2055":13.4769,"2060":11.9464,"2065":10.8011,"2070":9.7473}},"geometry":{"type":"Polygon","coordinates":[[[141.89375,39.5875],[141.89375,39.591666666666676],[141.9,39.591666666666676],[141.9,39.5875],[141.89375,39.5875]]]}},{"type":"Feature","id":"594137021","properties":{"meshId":"594137021","cityCode":"03202","population":{"2020":5.0332,"2025":4.5998,"2030":4.0607,"2035":3.2872,"2040":2.3366,"2045":1.4731,"2050":0.0,"2055":0.0,"2060":0.0,"2065":0.0,"2070":0.0}},"geometry":{"type":"Polygon","coordinates":[[[141.9,39.583333333333336],[141.9,39.5875],[141.90625,39.5875],[141.90625,39.583333333333336],[141.9,39.583333333333336]]]}},{"type":"Feature","id":"594137024","properties":{"meshId":"594137024","cityCode":"03202","population":{"2020":6.0404,"2025":5.0895,"2030":4.5414,"2035":4.0211,"2040":3.3354,"2045":2.5134,"2050":0.0,"2055":0.0,"2060":0.0,"2065":0.0,"2070":0.0}},"geometry":{"type":"Polygon","coordinates":[[[141.90625,39.5875],[141.90625,39.591666666666676],[141.9125,39.591666666666676],[141.9125,39.5875],[141.90625,39.5875]]]}},{"type":"Feature","id":"594137042","properties":{"meshId":"594137042","cityCode":"03202","population":{"2020":31.1462,"2025":28.1361,"2030":25.5446,"2035":22.1823,"2040":18.7845,"2045":15.808,"2050":13.527,"2055":11.9208,"2060":10.793,"2065":9.8039,"2070":8.9175}},"geometry":{"type":"Polygon","coordinates":[[[141.93125,39.583333333333336],[141.93125,39.5875],[141.9375,39.5875],[141.9375,39.583333333333336],[141.93125,39.583333333333336]]]}},{"type":"Feature","id":"594137051","properties":{"meshId":"594137051","cityCode":"03202","population":{"2020":44.2311,"2025":40.9417,"2030":38.4628,"2035":36.6705,"2040":34.072,"2045":31.1671,"2050":27.8645,"2055":24.9605,"2060":22.3995,"2065":20.4752,"2070":18.8133}},"geometry":{"type":"Polygon","coordinates":[[[141.9375,39.583333333333336],[141.9375,39.5875],[141.94375,39.5875],[141.94375,39.583333333333336],[141.9375,39.583333333333336]]]}},{"type":"Feature","id":"594137053","properties":{"meshId":"594137053","cityCode":"03202","population":{"2020":24.1188,"2025":22.1335,"2030":19.4256,"2035":17.4016,"2040":15.1545,"2045":13.7382,"2050":12.3656,"2055":11.3081,"2060":10.6277,"2065":10.1247,"2070":9.7774}},"geometry":{"type":"Polygon","coordinates":[[[141.9375,39.5875],[141.9375,39.591666666666676],[141.94375,39.591666666666676],[141.94375,39.5875],[141.9375,39.5875]]]}},{"type":"Feature","id":"594137061","properties":{"meshId":"594137061","cityCode":"03202","population":{"2020":6.0362,"2025":5.2585,"2030":4.229,"2035":3.121,"2040":2.3777,"2045":1.8724,"2050":1.5467,"2055":1.2439,"2060":0.9031,"2065":0.5371,"2070":0.2229}},"geometry":{"type":"Polygon","coordinates":[[[141.95,39.583333333333336],[141.95,39.5875],[141.95625,39.5875],[141.95625,39.583333333333336],[141.95,39.583333333333336]]]}},{"type":"Feature","id":"594137062","properties":{"meshId":"594137062","cityCode":"03202","population":{"2020":55.3711,"2025":49.482,"2030":44.5629,"2035":38.752,"2040":33.4914,"2045":28.319,"2050":24.2157,"2055":21.3833,"2060":18.9741,"2065":16.7528,"2070":14.3549}},"geometry":{"type":"Polygon","coordinates":[[[141.95625,39.583333333333336],[141.95625,39.5875],[141.9625,39.5875],[141.9625,39.583333333333336],[141.95625,39.583333333333336]]]}},{"type":"Feature","id":"594137064","properties":{"meshId":"594137064","cityCode":"03202","population":{"2020":12.0452,"2025":11.7365,"2030":10.49,"2035":9.8997,"2040":9.4028,"2045":9.0599,"2050":8.7196,"2055":8.5732,"2060":8.2751,"2065":7.8675,"2070":7.2961}},"geometry":{"type":"Polygon","coordinates":[[[141.95625,39.5875],[141.95625,39.591666666666676],[141.9625,39.591666666666676],[141.9625,39.5875],[141.95625,39.5875]]]}},{"type":"Feature","id":"594137073","properties":{"meshId":"594137073","cityCode":"03202","population":{"2020":51.3385,"2025":49.335,"2030":45.7774,"2035":41.569,"2040":36.3756,"2045":31.93,"2050":27.361,"2055":23.7125,"2060":20.733,"2065":18.3279,"2070":16.1668}},"geometry":{"type":"Polygon","coordinates":[[[141.9625,39.5875],[141.9625,39.591666666666676],[141.96875,39.591666666666676],[141.96875,39.5875],[141.9625,39.5875]]]}},{"type":"Feature","id":"594137101","properties":{"meshId":"594137101","cityCode":"03202","population":{"2020":4.022,"2025":3.6723,"2030":3.2099,"2035":2.6638,"2040":2.0985,"2045":1.591,"2050":1.1604,"2055":0.7154,"2060":0.2661,"2065":0.1044,"2070":0.042}},"geometry":{"type":"Polygon","coordinates":[[[141.875,39.59166666666667],[141.875,39.59583333333334],[141.88125,39.59583333333334],[141.88125,39.59166666666667],[141.875,39.59166666666667]]]}},{"type":"Feature","id":"594137102","properties":{"meshId":"594137102","cityCode":"03202","population":{"2020":2.0113,"2025":1.7571,"2030":1.3954,"2035":0.9104,"2040":0.4087,"2045":0.1407,"2050":0.0489,"2055":0.0174,"2060":0.0064,"2065":0.0025,"2070":0.001}},"geometry":{"type":"Polygon","coordinates":[[[141.88125,39.59166666666667],[141.88125,39.59583333333334],[141.8875,39.59583333333334],[141.8875,39.59166666666667],[141.88125,39.59166666666667]]]}},{"type":"Feature","id":"594137103","properties":{"meshId":"594137103","cityCode":"03202","population":{"2020":42.2205,"2025":39.4508,"2030":36.9048,"2035":33.9973,"2040":31.1083,"2045":28.6894,"2050":26.3577,"2055":24.416,"2060":22.5111,"2065":20.6437,"2070":18.6165}},"geometry":{"type":"Polygon","coordinates":[[[141.875,39.59583333333334],[141.875,39.6],[141.88125,39.6],[141.88125,39.59583333333334],[141.875,39.59583333333334]]]}},{"type":"Feature","id":"594137104","properties":{"meshId":"594137104","cityCode":"03202","population":{"2020":50.2526,"2025":46.9862,"2030":42.8128,"2035":39.2824,"2040":36.8477,"2045":33.8911,"2050":30.6529,"2055":27.5253,"2060":24.7459,"2065":22.1494,"2070":19.964}},"geometry":{"type":"Polygon","coordinates":[[[141.88125,39.59583333333334],[141.88125,39.6],[141.8875,39.6],[141.8875,39.59583333333334],[141.88125,39.59583333333334]]]}},{"type":"Feature","id":"594137111","properties":{"meshId":"594137111","cityCode":"03202","population":{"2020":17.1078,"2025":15.8319,"2030":14.7194,"2035":13.2698,"2040":11.7379,"2045":10.2124,"2050":8.6764,"2055":7.5395,"2060":6.6543,"2065":6.093,"2070":5.6956}},"geometry":{"type":"Polygon","coordinates":[[[141.8875,39.59166666666667],[141.8875,39.59583333333334],[141.89375,39.59583333333334],[141.89375,39.59166666666667],[141.8875,39.59166666666667]]]}},{"type":"Feature","id":"594137112","properties":{"meshId":"594137112","cityCode":"03202","population":{"2020":17.1184,"2025":15.3618,"2030":13.6075,"2035":12.0132,"2040":10.3781,"2045":8.7167,"2050":7.1046,"2055":5.3675,"2060":3.7969,"2065":2.4701,"2070":1.6623}},"geometry":{"type":"Polygon","coordinates":[[[141.89375,39.59166666666667],[141.89375,39.59583333333334],[141.9,39.59583333333334],[141.9,39.59166666666667],[141.89375,39.59166666666667]]]}},{"type":"Feature","id":"594137113","properties":{"meshId":"594137113","cityCode":"03202","population":{"2020":53.3651,"2025":48.0416,"2030":42.2518,"2035":37.3329,"2040":32.4132,"2045":27.6166,"2050":23.6535,"2055":19.9829,"2060":16.6962,"2065":13.7023,"2070":11.2633}},"geometry":{"type":"Polygon","coordinates":[[[141.8875,39.59583333333334],[141.8875,39.6],[141.89375,39.6],[141.89375,39.59583333333334],[141.8875,39.59583333333334]]]}},{"type":"Feature","id":"594137114","properties":{"meshId":"594137114","cityCode":"03202","population":{"2020":36.2394,"2025":35.8814,"2030":35.5616,"2035":35.789,"2040":35.8138,"2045":35.2087,"2050":33.8455,"2055":31.9402,"2060":29.5029,"2065":26.6484,"2070":23.7917}},"geometry":{"type":"Polygon","coordinates":[[[141.89375,39.59583333333334],[141.89375,39.6],[141.9,39.6],[141.9,39.59583333333334],[141.89375,39.59583333333334]]]}},{"type":"Feature","id":"594137122","properties":{"meshId":"594137122","cityCode":"03202","population":{"2020":15.1029,"2025":12.3387,"2030":10.5153,"2035":9.0763,"2040":7.5912,"2045":5.8824,"2050":4.2992,"2055":0.0,"2060":0.0,"2065":0.0,"2070":0.0}},"geometry":{"type":"Polygon","coordinates":[[[141.90625,39.59166666666667],[141.90625,39.59583333333334],[141.9125,39.59583333333334],[141.9125,39.59166666666667],[141.90625,39.59166666666667]]]}},{"type":"Feature","id":"594137143","properties":{"meshId":"594137143","cityCode":"03202","population":{"2020":7.0465,"2025":6.0889,"2030":5.4134,"2035":5.0198,"2040":4.7312,"2045":4.2368,"2050":3.763,"2055":3.3204,"2060":2.9718,"2065":2.8427,"2070":2.7307}},"geometry":{"type":"Polygon","coordinates":[[[141.925,39.59583333333334],[141.925,39.6],[141.93125,39.6],[141.93125,39.59583333333334],[141.925,39.59583333333334]]]}},{"type":"Feature","id":"594137144","properties":{"meshId":"594137144","cityCode":"03202","population":{"2020":24.1408,"2025":22.6797,"2030":20.7557,"2035":18.9553,"2040":16.927,"2045":14.6343,"2050":12.674,"2055":10.9437,"2060":9.5844,"2065":8.0844,"2070":6.5499}},"geometry":{"type":"Polygon","coordinates":[[[141.93125,39.59583333333334],[141.93125,39.6],[141.9375,39.6],[141.9375,39.59583333333334],[141.93125,39.59583333333334]]]}},{"type":"Feature","id":"594137151","properties":{"meshId":"594137151","cityCode":"03202","population":{"2020":2.0142,"2025":1.5805,"2030":1.1464,"2035":0.9307,"2040":0.7873,"2045":0.6388,"2050":0.4521,"2055":0.2477,"2060":0.0778,"2065":0.0247,"2070":0.0081}},"geometry":{"type":"Polygon","coordinates":[[[141.9375,39.59166666666667],[141.9375,39.59583333333334],[141.94375,39.59583333333334],[141.94375,39.59166666666667],[141.9375,39.59166666666667]]]}},{"type":"Feature","id":"594137152","properties":{"meshId":"594137152","cityCode":"03202","population":{"2020":2.0056,"2025":1.2438,"2030":0.5985,"2035":0.2119,"2040":0.0793,"2045":0.0315,"2050":0.0124,"2055":0.0048,"2060":0.0019,"2065":0.0008,"2070":0.0003}},"geometry":{"type":"Polygon","coordinates":[[[141.94375,39.59166666666667],[141.94375,39.59583333333334],[141.95,39.59583333333334],[141.95,39.59166666666667],[141.94375,39.59166666666667]]]}},{"type":"Feature","id":"594137153","properties":{"meshId":"594137153","cityCode":"03202","population":{"2020":304.9367,"2025":281.2043,"2030":258.4091,"2035":235.4066,"2040":213.5046,"2045":191.3974,"2050":169.3952,"2055":150.4334,"2060":133.0755,"2065":117.3424,"2070":101.8005}},"geometry":{"type":"Polygon","coordinates":[[[141.9375,39.59583333333334],[141.9375,39.6],[141.94375,39.6],[141.94375,39.59583333333334],[141.9375,39.59583333333334]]]}},{"type":"Feature","id":"594137154","properties":{"meshId":"594137154","cityCode":"03202","population":{"2020":7.0556,"2025":6.6214,"2030":5.8414,"2035":5.226,"2040":4.5786,"2045":4.029,"2050":3.4139,"2055":2.7403,"2060":2.0996,"2065":1.6907,"2070":1.2923}},"geometry":{"type":"Polygon","coordinates":[[[141.94375,39.59583333333334],[141.94375,39.6],[141.95,39.6],[141.95,39.59583333333334],[141.94375,39.59583333333334]]]}},{"type":"Feature","id":"594137171","properties":{"meshId":"594137171","cityCode":"03202","population":{"2020":64.4873,"2025":59.0974,"2030":53.5733,"2035":47.2062,"2040":40.9391,"2045":35.13,"2050":30.1066,"2055":25.7928,"2060":22.153,"2065":18.6867,"2070":15.7035}},"geometry":{"type":"Polygon","coordinates":[[[141.9625,39.59166666666667],[141.9625,39.59583333333334],[141.96875,39.59583333333334],[141.96875,39.59166666666667],[141.9625,39.59166666666667]]]}},{"type":"Feature","id":"594137172","properties":{"meshId":"594137172","cityCode":"03202","population":{"2020":23.1622,"2025":21.2521,"2030":20.5014,"2035":18.6808,"2040":17.1797,"2045":15.6163,"2050":14.4596,"2055":13.5717,"2060":12.7836,"2065":11.6334,"2070":10.1508}},"geometry":{"type":"Polygon","coordinates":[[[141.96875,39.59166666666667],[141.96875,39.59583333333334],[141.975,39.59583333333334],[141.975,39.59166666666667],[141.96875,39.59166666666667]]]}},{"type":"Feature","id":"594137201","properties":{"meshId":"594137201","cityCode":"03202","population":{"2020":18.1245,"2025":16.8046,"2030":15.0815,"2035":13.3201,"2040":12.0074,"2045":10.0565,"2050":8.2146,"2055":7.0101,"2060":6.0447,"2065":5.3519,"2070":4.786}},"geometry":{"type":"Polygon","coordinates":[[[141.875,39.6],[141.875,39.60416666666667],[141.88125,39.60416666666667],[141.88125,39.6],[141.875,39.6]]]}},{"type":"Feature","id":"594137202","properties":{"meshId":"594137202","cityCode":"03202","population":{"2020":98.6925,"2025":90.2479,"2030":79.9136,"2035":69.8466,"2040":60.4148,"2045":51.6612,"2050":44.4151,"2055":38.2812,"2060":32.9643,"2065":28.0015,"2070":23.0374}},"geometry":{"type":"Polygon","coordinates":[[[141.88125,39.6],[141.88125,39.60416666666667],[141.8875,39.60416666666667],[141.8875,39.6],[141.88125,39.6]]]}},{"type":"Feature","id":"594137211","properties":{"meshId":"594137211","cityCode":"03202","population":{"2020":114.6664,"2025":102.5215,"2030":91.28,"2035":82.5716,"2040":73.2823,"2045":65.6224,"2050":59.0182,"2055":52.8882,"2060":46.9907,"2065":40.6399,"2070":35.0583}},"geometry":{"type":"Polygon","coordinates":[[[141.8875,39.6],[141.8875,39.60416666666667],[141.89375,39.60416666666667],[141.89375,39.6],[141.8875,39.6]]]}},{"type":"Feature","id":"594137212","properties":{"meshId":"594137212","cityCode":"03202","population":{"2020":4.0072,"2025":3.5411,"2030":3.1354,"2035":2.9148,"2040":3.018,"2045":3.0678,"2050":3.1294,"2055":3.1161,"2060":2.9373,"2065":2.7322,"2070":2.4242}},"geometry":{"type":"Polygon","coordinates":[[[141.89375,39.6],[141.89375,39.60416666666667],[141.9,39.60416666666667],[141.9,39.6],[141.89375,39.6]]]}},{"type":"Feature","id":"594137213","properties":{"meshId":"594137213","cityCode":"03202","population":{"2020":79.5268,"2025":73.7312,"2030":66.2202,"2035":57.8603,"2040":50.0524,"2045":43.1614,"2050":36.9062,"2055":30.8196,"2060":25.228,"2065":20.8629,"2070":17.5396}},"geometry":{"type":"Polygon","coordinates":[[[141.8875,39.60416666666667],[141.8875,39.60833333333334],[141.89375,39.60833333333334],[141.89375,39.60416666666667],[141.8875,39.60416666666667]]]}},{"type":"Feature","id":"594137214","properties":{"meshId":"594137214","cityCode":"03202","population":{"2020":157.0071,"2025":150.2134,"2030":140.2603,"2035":132.4893,"2040":124.4319,"2045":115.2463,"2050":106.5064,"2055":97.4842,"2060":87.3217,"2065":77.8586,"2070":69.2267}},"geometry":{"type":"Polygon","coordinates":[[[141.89375,39.60416666666667],[141.89375,39.60833333333334],[141.9,39.60833333333334],[141.9,39.60416666666667],[141.89375,39.60416666666667]]]}},{"type":"Feature","id":"594137223","properties":{"meshId":"594137223","cityCode":"03202","population":{"2020":37.2487,"2025":33.8413,"2030":30.0632,"2035":26.2477,"2040":22.9548,"2045":19.5822,"2050":16.8568,"2055":14.4503,"2060":12.1419,"2065":9.8874,"2070":7.6906}},"geometry":{"type":"Polygon","coordinates":[[[141.9,39.60416666666667],[141.9,39.60833333333334],[141.90625,39.60833333333334],[141.90625,39.60416666666667],[141.9,39.60416666666667]]]}},{"type":"Feature","id":"594137242","properties":{"meshId":"594137242","cityCode":"03202","population":{"2020":63.4501,"2025":59.0259,"2030":54.374,"2035":48.9046,"2040":43.0038,"2045":38.3005,"2050":33.6598,"2055":29.4614,"2060":25.5841,"2065":22.0531,"2070":19.3894}},"geometry":{"type":"Polygon","coordinates":[[[141.93125,39.6],[141.93125,39.60416666666667],[141.9375,39.60416666666667],[141.9375,39.6],[141.93125,39.6]]]}},{"type":"Feature","id":"594137251","properties":{"meshId":"594137251","cityCode":"03202","population":{"2020":31.1906,"2025":30.1321,"2030":28.8405,"2035":27.8281,"2040":27.9464,"2045":27.785,"2050":27.3047,"2055":26.2454,"2060":23.8913,"2065":20.864,"2070":17.445}},"geometry":{"type":"Polygon","coordinates":[[[141.9375,39.6],[141.9375,39.60416666666667],[141.94375,39.60416666666667],[141.94375,39.6],[141.9375,39.6]]]}},{"type":"Feature","id":"594137252","properties":{"meshId":"594137252","cityCode":"03202","population":{"2020":105.6203,"2025":98.6934,"2030":90.3498,"2035":80.2169,"2040":71.8879,"2045":65.7732,"2050":60.4139,"2055":55.1827,"2060":49.3168,"2065":42.9824,"2070":37.0857}},"geometry":{"type":"Polygon","coordinates":[[[141.94375,39.6],[141.94375,39.60416666666667],[141.95,39.60416666666667],[141.95,39.6],[141.94375,39.6]]]}},{"type":"Feature","id":"594137254","properties":{"meshId":"594137254","cityCode":"03202","population":{"2020":3.0155,"2025":2.7537,"2030":2.4423,"2035":1.9871,"2040":1.4377,"2045":0.8808,"2050":0.5216,"2055":0.204,"2060":0.0812,"2065":0.0342,"2070":0.0145}},"geometry":{"type":"Polygon","coordinates":[[[141.94375,39.60416666666667],[141.94375,39.60833333333334],[141.95,39.60833333333334],[141.95,39.60416666666667],[141.94375,39.60416666666667]]]}},{"type":"Feature","id":"594137261","properties":{"meshId":"594137261","cityCode":"03202","population":{"2020":4.0282,"2025":3.661,"2030":3.1449,"2035":2.4165,"2040":1.5896,"2045":0.9418,"2050":0.5662,"2055":0.2907,"2060":0.0945,"2065":0.0316,"2070":0.011}},"geometry":{"type":"Polygon","coordinates":[[[141.95,39.6],[141.95,39.60416666666667],[141.95625,39.60416666666667],[141.95625,39.6],[141.95,39.6]]]}},{"type":"Feature","id":"594137263","properties":{"meshId":"594137263","cityCode":"03202","population":{"2020":387.493,"2025":349.388,"2030":309.3868,"2035":272.1808,"2040":239.7349,"2045":210.6077,"2050":184.6338,"2055":161.3408,"2060":140.3199,"2065":120.4964,"2070":102.8841}},"geometry":{"type":"Polygon","coordinates":[[[141.95,39.60416666666667],[141.95,39.60833333333334],[141.95625,39.60833333333334],[141.95625,39.60416666666667],[141.95,39.60416666666667]]]}},{"type":"Feature","id":"594137264","properties":{"meshId":"594137264","cityCode":"03202","population":{"2020":18.1134,"2025":16.5903,"2030":15.4238,"2035":14.1512,"2040":12.8183,"2045":11.4735,"2050":10.2211,"2055":9.3874,"2060":8.6394,"2065":8.0519,"2070":7.4697}},"geometry":{"type":"Polygon","coordinates":[[[141.95625,39.60416666666667],[141.95625,39.60833333333334],[141.9625,39.60833333333334],[141.9625,39.60416666666667],[141.95625,39.60416666666667]]]}},{"type":"Feature","id":"594137272","properties":{"meshId":"594137272","cityCode":"03202","population":{"2020":5.0185,"2025":4.3146,"2030":3.3831,"2035":2.2593,"2040":0.0,"2045":0.0,"2050":0.0,"2055":0.0,"2060":0.0,"2065":0.0,"2070":0.0}},"geometry":{"type":"Polygon","coordinates":[[[141.96875,39.6],[141.96875,39.60416666666667],[141.975,39.60416666666667],[141.975,39.6],[141.96875,39.6]]]}},{"type":"Feature","id":"594137283","properties":{"meshId":"594137283","cityCode":"03202","population":{"2020":3.0185,"2025":2.8479,"2030":2.6428,"2035":2.367,"2040":1.9791,"2045":1.4932,"2050":1.0013,"2055":0.7249,"2060":0.4819,"2065":0.2047,"2070":0.0869}},"geometry":{"type":"Polygon","coordinates":[[[141.975,39.60416666666667],[141.975,39.60833333333334],[141.98125,39.60833333333334],[141.98125,39.60416666666667],[141.975,39.60416666666667]]]}},{"type":"Feature","id":"594137284","properties":{"meshId":"594137284","cityCode":"03202","population":{"2020":14.1111,"2025":12.6298,"2030":11.1506,"2035":9.8924,"2040":8.8274,"2045":7.8541,"2050":6.9634,"2055":5.8858,"2060":4.737,"2065":3.4429,"2070":2.1744}},"geometry":{"type":"Polygon","coordinates":[[[141.98125,39.60416666666667],[141.98125,39.60833333333334],[141.9875,39.60833333333334],[141.9875,39.60416666666667],[141.98125,39.60416666666667]]]}},{"type":"Feature","id":"594137312","properties":{"meshId":"594137312","cityCode":"03202","population":{"2020":154.009,"2025":138.8116,"2030":125.8368,"2035":112.8261,"2040":99.6953,"2045":86.5664,"2050":73.6731,"2055":62.9917,"2060":53.971,"2065":45.8843,"2070":39.0688}},"geometry":{"type":"Polygon","coordinates":[[[141.89375,39.608333333333334],[141.89375,39.6125],[141.9,39.6125],[141.9,39.608333333333334],[141.89375,39.608333333333334]]]}},{"type":"Feature","id":"594137314","properties":{"meshId":"594137314","cityCode":"03202","population":{"2020":85.5334,"2025":79.6409,"2030":72.943,"2035":65.6446,"2040":60.4432,"2045":54.764,"2050":49.4575,"2055":45.1338,"2060":40.2486,"2065":35.2836,"2070":30.5242}},"geometry":{"type":"Polygon","coordinates":[[[141.89375,39.6125],[141.89375,39.616666666666674],[141.9,39.616666666666674],[141.9,39.6125],[141.89375,39.6125]]]}},{"type":"Feature","id":"594137321","properties":{"meshId":"594137321","cityCode":"03202","population":{"2020":26.1618,"2025":26.1542,"2030":25.5886,"2035":24.5768,"2040":23.66,"2045":22.5814,"2050":21.1406,"2055":19.5177,"2060":17.9797,"2065":16.2574,"2070":14.5584}},"geometry":{"type":"Polygon","coordinates":[[[141.9,39.608333333333334],[141.9,39.6125],[141.90625,39.6125],[141.90625,39.608333333333334],[141.9,39.608333333333334]]]}},{"type":"Feature","id":"594137323","properties":{"meshId":"594137323","cityCode":"03202","population":{"2020":23.1557,"2025":21.4795,"2030":20.8363,"2035":20.9654,"2040":20.8408,"2045":20.1785,"2050":18.8437,"2055":17.1542,"2060":15.2558,"2065":13.1605,"2070":11.2109}},"geometry":{"type":"Polygon","coordinates":[[[141.9,39.6125],[141.9,39.616666666666674],[141.90625,39.616666666666674],[141.90625,39.6125],[141.9,39.6125]]]}},{"type":"Feature","id":"594137324","properties":{"meshId":"594137324","cityCode":"03202","population":{"2020":29.2064,"2025":29.8231,"2030":29.2261,"2035":27.7907,"2040":25.7681,"2045":23.8777,"2050":21.6333,"2055":19.4114,"2060":17.578,"2065":15.9624,"2070":14.6024}},"geometry":{"type":"Polygon","coordinates":[[[141.90625,39.6125],[141.90625,39.616666666666674],[141.9125,39.616666666666674],[141.9125,39.6125],[141.90625,39.6125]]]}},{"type":"Feature","id":"594137342","properties":{"meshId":"594137342","cityCode":"03202","population":{"2020":27.1696,"2025":26.2247,"2030":24.3732,"2035":22.9034,"2040":20.8211,"2045":19.2871,"2050":17.9319,"2055":16.511,"2060":14.9275,"2065":13.5561,"2070":12.2592}},"geometry":{"type":"Polygon","coordinates":[[[141.93125,39.608333333333334],[141.93125,39.6125],[141.9375,39.6125],[141.9375,39.608333333333334],[141.93125,39.608333333333334]]]}},{"type":"Feature","id":"594137344","properties":{"meshId":"594137344","cityCode":"03202","population":{"2020":22.1383,"2025":20.3713,"2030":18.3588,"2035":16.3888,"2040":14.0563,"2045":11.8342,"2050":10.2103,"2055":8.8607,"2060":7.7037,"2065":6.5572,"2070":5.7619}},"geometry":{"type":"Polygon","coordinates":[[[141.93125,39.6125],[141.93125,39.616666666666674],[141.9375,39.616666666666674],[141.9375,39.6125],[141.93125,39.6125]]]}},{"type":"Feature","id":"594137353","properties":{"meshId":"594137353","cityCode":"03202","population":{"2020":293.8918,"2025":278.7798,"2030":264.3293,"2035":248.2642,"2040":229.6544,"2045":211.1292,"2050":192.7904,"2055":175.8628,"2060":159.2362,"2065":142.921,"2070":126.1624}},"geometry":{"type":"Polygon","coordinates":[[[141.9375,39.6125],[141.9375,39.616666666666674],[141.94375,39.616666666666674],[141.94375,39.6125],[141.9375,39.6125]]]}},{"type":"Feature","id":"594137361","properties":{"meshId":"594137361","cityCode":"03202","population":{"2020":164.0242,"2025":148.2991,"2030":131.0005,"2035":114.4335,"2040":100.1147,"2045":87.1105,"2050":75.5464,"2055":64.8962,"2060":55.4907,"2065":47.7708,"2070":41.0974}},"geometry":{"type":"Polygon","coordinates":[[[141.95,39.608333333333334],[141.95,39.6125],[141.95625,39.6125],[141.95625,39.608333333333334],[141.95,39.608333333333334]]]}},{"type":"Feature","id":"594137362","properties":{"meshId":"594137362","cityCode":"03202","population":{"2020":20.1418,"2025":19.134,"2030":17.9241,"2035":16.2622,"2040":14.5202,"2045":13.061,"2050":11.36,"2055":10.0898,"2060":8.7275,"2065":7.5643,"2070":6.6158}},"geometry":{"type":"Polygon","coordinates":[[[141.95625,39.608333333333334],[141.95625,39.6125],[141.9625,39.6125],[141.9625,39.608333333333334],[141.95625,39.608333333333334]]]}},{"type":"Feature","id":"594137364","properties":{"meshId":"594137364","cityCode":"03202","population":{"2020":314.8233,"2025":284.6988,"2030":255.0504,"2035":226.4453,"2040":201.75,"2045":179.1299,"2050":157.5736,"2055":138.6088,"2060":121.1298,"2065":105.7265,"2070":92.413}},"geometry":{"type":"Polygon","coordinates":[[[141.95625,39.6125],[141.95625,39.616666666666674],[141.9625,39.616666666666674],[141.9625,39.6125],[141.95625,39.6125]]]}},{"type":"Feature","id":"594137381","properties":{"meshId":"594137381","cityCode":"03202","population":{"2020":41.2404,"2025":36.4333,"2030":31.9313,"2035":26.9665,"2040":22.0599,"2045":17.3845,"2050":13.5456,"2055":10.1793,"2060":8.0169,"2065":6.3619,"2070":0.0}},"geometry":{"type":"Polygon","coordinates":[[[141.975,39.608333333333334],[141.975,39.6125],[141.98125,39.6125],[141.98125,39.608333333333334],[141.975,39.608333333333334]]]}},{"type":"Feature","id":"594137382","properties":{"meshId":"594137382","cityCode":"03202","population":{"2020":43.2051,"2025":35.4662,"2030":29.2679,"2035":24.196,"2040":19.5338,"2045":15.3587,"2050":12.4472,"2055":9.8433,"2060":8.0133,"2065":6.7015,"2070":0.0}},"geometry":{"type":"Polygon","coordinates":[[[141.98125,39.608333333333334],[141.98125,39.6125],[141.9875,39.6125],[141.9875,39.608333333333334],[141.98125,39.608333333333334]]]}},{"type":"Feature","id":"594137402","properties":{"meshId":"594137402","cityCode":"03202","population":{"2020":9.0356,"2025":6.6904,"2030":5.7017,"2035":4.9651,"2040":4.3476,"2045":4.0006,"2050":3.5787,"2055":3.1716,"2060":2.7601,"2065":2.4378,"2070":2.3117}},"geometry":{"type":"Polygon","coordinates":[[[141.88125,39.61666666666667],[141.88125,39.62083333333334],[141.8875,39.62083333333334],[141.8875,39.61666666666667],[141.88125,39.61666666666667]]]}},{"type":"Feature","id":"594137404","properties":{"meshId":"594137404","cityCode":"03202","population":{"2020":67.4021,"2025":62.1973,"2030":55.2826,"2035":47.7045,"2040":41.0527,"2045":34.692,"2050":29.3291,"2055":25.0019,"2060":21.7987,"2065":19.2341,"2070":17.0367}},"geometry":{"type":"Polygon","coordinates":[[[141.88125,39.62083333333334],[141.88125,39.625],[141.8875,39.625],[141.8875,39.62083333333334],[141.88125,39.62083333333334]]]}},{"type":"Feature","id":"594137412","properties":{"meshId":"594137412","cityCode":"03202","population":{"2020":17.1119,"2025":15.4872,"2030":14.515,"2035":13.3896,"2040":11.9991,"2045":10.3342,"2050":8.7196,"2055":7.4389,"2060":6.364,"2065":5.412,"2070":4.8647}},"geometry":{"type":"Polygon","coordinates":[[[141.89375,39.61666666666667],[141.89375,39.62083333333334],[141.9,39.62083333333334],[141.9,39.61666666666667],[141.89375,39.61666666666667]]]}},{"type":"Feature","id":"594137414","properties":{"meshId":"594137414","cityCode":"03202","population":{"2020":81.4845,"2025":74.665,"2030":68.3864,"2035":62.9658,"2040":57.125,"2045":50.8347,"2050":44.7886,"2055":39.6431,"2060":35.6102,"2065":31.7538,"2070":27.7382}},"geometry":{"type":"Polygon","coordinates":[[[141.89375,39.62083333333334],[141.89375,39.625],[141.9,39.625],[141.9,39.62083333333334],[141.89375,39.62083333333334]]]}},{"type":"Feature","id":"594137421","properties":{"meshId":"594137421","cityCode":"03202","population":{"2020":69.4788,"2025":66.0615,"2030":61.5585,"2035":58.0324,"2040":54.3428,"2045":50.3941,"2050":46.0016,"2055":40.9964,"2060":35.1555,"2065":29.9203,"2070":25.5184}},"geometry":{"type":"Polygon","coordinates":[[[141.9,39.61666666666667],[141.9,39.62083333333334],[141.90625,39.62083333333334],[141.90625,39.61666666666667],[141.9,39.61666666666667]]]}},{"type":"Feature","id":"594137422","properties":{"meshId":"594137422","cityCode":"03202","population":{"2020":95.6489,"2025":91.4352,"2030":85.1887,"2035":77.8898,"2040":72.4536,"2045":66.4067,"2050":60.3107,"2055":53.6785,"2060":47.1303,"2065":40.4665,"2070":34.0583}},"geometry":{"type":"Polygon","coordinates":[[[141.90625,39.61666666666667],[141.90625,39.62083333333334],[141.9125,39.62083333333334],[141.9125,39.61666666666667],[141.90625,39.61666666666667]]]}},{"type":"Feature","id":"594137423","properties":{"meshId":"594137423","cityCode":"03202","population":{"2020":109.7847,"2025":102.189,"2030":94.623,"2035":87.3871,"2040":77.9076,"2045":68.7848,"2050":60.4614,"2055":53.3803,"2060":46.821,"2065":40.518,"2070":34.6692}},"geometry":{"type":"Polygon","coordinates":[[[141.9,39.62083333333334],[141.9,39.625],[141.90625,39.625],[141.90625,39.62083333333334],[141.9,39.62083333333334]]]}},{"type":"Feature","id":"594137424","properties":{"meshId":"594137424","cityCode":"03202","population":{"2020":19.0857,"2025":17.3741,"2030":15.8588,"2035":14.7567,"2040":13.2078,"2045":12.277,"2050":11.2748,"2055":10.5335,"2060":9.9884,"2065":9.3841,"2070":8.6475}},"geometry":{"type":"Polygon","coordinates":[[[141.90625,39.62083333333334],[141.90625,39.625],[141.9125,39.625],[141.9125,39.62083333333334],[141.90625,39.62083333333334]]]}},{"type":"Feature","id":"594137431","properties":{"meshId":"594137431","cityCode":"03202","population":{"2020":89.6012,"2025":82.669,"2030":76.4597,"2035":69.8234,"2040":63.2831,"2045":56.3809,"2050":50.2781,"2055":45.0448,"2060":40.4304,"2065":35.5906,"2070":29.8332}},"geometry":{"type":"Polygon","coordinates":[[[141.9125,39.61666666666667],[141.9125,39.62083333333334],[141.91875,39.62083333333334],[141.91875,39.61666666666667],[141.9125,39.61666666666667]]]}},{"type":"Feature","id":"594137433","properties":{"meshId":"594137433","cityCode":"03202","population":{"2020":293.8767,"2025":265.241,"2030":234.9105,"2035":203.3856,"2040":172.9294,"2045":143.3623,"2050":117.8537,"2055":97.8982,"2060":80.9405,"2065":67.4382,"2070":55.7383}},"geometry":{"type":"Polygon","coordinates":[[[141.9125,39.62083333333334],[141.9125,39.625],[141.91875,39.625],[141.91875,39.62083333333334],[141.9125,39.62083333333334]]]}},{"type":"Feature","id":"594137434","properties":{"meshId":"594137434","cityCode":"03202","population":{"2020":44.3018,"2025":42.2147,"2030":38.5317,"2035":34.2786,"2040":30.5968,"2045":26.7016,"2050":23.432,"2055":20.6263,"2060":17.7854,"2065":15.1991,"2070":12.691}},"geometry":{"type":"Polygon","coordinates":[[[141.91875,39.62083333333334],[141.91875,39.625],[141.925,39.625],[141.925,39.62083333333334],[141.91875,39.62083333333334]]]}},{"type":"Feature","id":"594137451","properties":{"meshId":"594137451","cityCode":"03202","population":{"2020":233.4503,"2025":217.487,"2030":202.4258,"2035":187.5298,"2040":172.8216,"2045":160.6216,"2050":148.9714,"2055":137.2403,"2060":124.822,"2065":111.9828,"2070":98.9572}},"geometry":{"type":"Polygon","coordinates":[[[141.9375,39.61666666666667],[141.9375,39.62083333333334],[141.94375,39.62083333333334],[141.94375,39.61666666666667],[141.9375,39.61666666666667]]]}},{"type":"Feature","id":"594137452","properties":{"meshId":"594137452","cityCode":"03202","population":{"2020":644.7243,"2025":607.444,"2030":571.6343,"2035":535.6831,"2040":498.4979,"2045":461.738,"2050":424.9541,"2055":385.4163,"2060":345.5019,"2065":306.0159,"2070":267.0228}},"geometry":{"type":"Polygon","coordinates":[[[141.94375,39.61666666666667],[141.94375,39.62083333333334],[141.95,39.62083333333334],[141.95,39.61666666666667],[141.94375,39.61666666666667]]]}},{"type":"Feature","id":"594137453","properties":{"meshId":"594137453","cityCode":"03202","population":{"2020":97.6021,"2025":92.5705,"2030":86.1259,"2035":78.33,"2040":70.9743,"2045":64.0352,"2050":58.0554,"2055":53.6745,"2060":49.36,"2065":44.6075,"2070":38.9952}},"geometry":{"type":"Polygon","coordinates":[[[141.9375,39.62083333333334],[141.9375,39.625],[141.94375,39.625],[141.94375,39.62083333333334],[141.9375,39.62083333333334]]]}},{"type":"Feature","id":"594137454","properties":{"meshId":"594137454","cityCode":"03202","population":{"2020":527.3543,"2025":493.0645,"2030":457.3543,"2035":419.3232,"2040":379.8082,"2045":339.1197,"2050":299.0057,"2055":261.5775,"2060":228.1554,"2065":196.6881,"2070":169.5795}},"geometry":{"type":"Polygon","coordinates":[[[141.94375,39.62083333333334],[141.94375,39.625],[141.95,39.625],[141.95,39.62083333333334],[141.94375,39.62083333333334]]]}},{"type":"Feature","id":"594137461","properties":{"meshId":"594137461","cityCode":"03202","population":{"2020":88.3963,"2025":89.1741,"2030":108.1303,"2035":122.4107,"2040":131.7836,"2045":130.5263,"2050":123.4091,"2055":119.0562,"2060":117.374,"2065":118.7813,"2070":120.3203}},"geometry":{"type":"Polygon","coordinates":[[[141.95,39.61666666666667],[141.95,39.62083333333334],[141.95625,39.62083333333334],[141.95625,39.61666666666667],[141.95,39.61666666666667]]]}},{"type":"Feature","id":"594137462","properties":{"meshId":"594137462","cityCode":"03202","population":{"2020":328.899,"2025":309.7272,"2030":286.5967,"2035":262.3063,"2040":237.1028,"2045":213.3915,"2050":191.2174,"2055":168.9479,"2060":146.2781,"2065":124.0084,"2070":103.2384}},"geometry":{"type":"Polygon","coordinates":[[[141.95625,39.61666666666667],[141.95625,39.62083333333334],[141.9625,39.62083333333334],[141.9625,39.61666666666667],[141.95625,39.61666666666667]]]}},{"type":"Feature","id":"594137463","properties":{"meshId":"594137463","cityCode":"03202","population":{"2020":450.9049,"2025":427.7208,"2030":401.8008,"2035":378.7797,"2040":353.3659,"2045":330.0094,"2050":305.3484,"2055":280.4714,"2060":255.487,"2065":229.5502,"2070":203.4722}},"geometry":{"type":"Polygon","coordinates":[[[141.95,39.62083333333334],[141.95,39.625],[141.95625,39.625],[141.95625,39.62083333333334],[141.95,39.62083333333334]]]}},{"type":"Feature","id":"594137464","properties":{"meshId":"594137464","cityCode":"03202","population":{"2020":386.4208,"2025":355.7248,"2030":345.9483,"2035":327.3717,"2040":308.0558,"2045":288.3751,"2050":270.1702,"2055":252.8357,"2060":234.7956,"2065":215.9088,"2070":196.5718}},"geometry":{"type":"Polygon","coordinates":[[[141.95625,39.62083333333334],[141.95625,39.625],[141.9625,39.625],[141.9625,39.62083333333334],[141.95625,39.62083333333334]]]}},{"type":"Feature","id":"594137471","properties":{"meshId":"594137471","cityCode":"03202","population":{"2020":64.3959,"2025":60.8442,"2030":56.6625,"2035":51.7596,"2040":46.8981,"2045":42.7076,"2050":39.2582,"2055":36.4381,"2060":33.845,"2065":30.7597,"2070":27.0931}},"geometry":{"type":"Polygon","coordinates":[[[141.9625,39.61666666666667],[141.9625,39.62083333333334],[141.96875,39.62083333333334],[141.96875,39.61666666666667],[141.9625,39.61666666666667]]]}},{"type":"Feature","id":"594137473","properties":{"meshId":"594137473","cityCode":"03202","population":{"2020":32.2728,"2025":31.4353,"2030":29.6376,"2035":27.3029,"2040":24.6193,"2045":22.3724,"2050":20.0937,"2055":18.0921,"2060":16.3595,"2065":14.9136,"2070":13.4376}},"geometry":{"type":"Polygon","coordinates":[[[141.9625,39.62083333333334],[141.9625,39.625],[141.96875,39.625],[141.96875,39.62083333333334],[141.9625,39.62083333333334]]]}},{"type":"Feature","id":"594137501","properties":{"meshId":"594137501","cityCode":"03202","population":{"2020":3.0248,"2025":2.8932,"2030":2.7156,"2035":2.474,"2040":2.1618,"2045":1.7031,"2050":1.1148,"2055":0.4884,"2060":0.1679,"2065":0.0605,"2070":0.0226}},"geometry":{"type":"Polygon","coordinates":[[[141.875,39.625],[141.875,39.62916666666667],[141.88125,39.62916666666667],[141.88125,39.625],[141.875,39.625]]]}},{"type":"Feature","id":"594137502","properties":{"meshId":"594137502","cityCode":"03202","population":{"2020":8.022,"2025":7.5401,"2030":6.6694,"2035":6.9575,"2040":6.6304,"2045":6.529,"2050":6.2533,"2055":6.0964,"2060":5.9758,"2065":5.8087,"2070":5.5954}},"geometry":{"type":"Polygon","coordinates":[[[141.88125,39.625],[141.88125,39.62916666666667],[141.8875,39.62916666666667],[141.8875,39.625],[141.88125,39.625]]]}},{"type":"Feature","id":"594137503","properties":{"meshId":"594137503","cityCode":"03202","population":{"2020":25.1721,"2025":23.786,"2030":21.9547,"2035":19.984,"2040":17.4846,"2045":14.8968,"2050":12.6448,"2055":10.5806,"2060":9.063,"2065":7.8031,"2070":6.8105}},"geometry":{"type":"Polygon","coordinates":[[[141.875,39.62916666666667],[141.875,39.63333333333334],[141.88125,39.63333333333334],[141.88125,39.62916666666667],[141.875,39.62916666666667]]]}},{"type":"Feature","id":"594137504","properties":{"meshId":"594137504","cityCode":"03202","population":{"2020":5.0298,"2025":4.8058,"2030":4.1989,"2035":3.375,"2040":2.3863,"2045":1.5868,"2050":1.2347,"2055":1.1054,"2060":1.0286,"2065":0.961,"2070":0.8398}},"geometry":{"type":"Polygon","coordinates":[[[141.88125,39.62916666666667],[141.88125,39.63333333333334],[141.8875,39.63333333333334],[141.8875,39.62916666666667],[141.88125,39.62916666666667]]]}},{"type":"Feature","id":"594137511","properties":{"meshId":"594137511","cityCode":"03202","population":{"2020":33.215,"2025":31.0406,"2030":27.6974,"2035":25.151,"2040":22.9711,"2045":20.93,"2050":18.8573,"2055":16.4856,"2060":13.9573,"2065":12.2244,"2070":10.7607}},"geometry":{"type":"Polygon","coordinates":[[[141.8875,39.625],[141.8875,39.62916666666667],[141.89375,39.62916666666667],[141.89375,39.625],[141.8875,39.625]]]}},{"type":"Feature","id":"594137512","properties":{"meshId":"594137512","cityCode":"03202","population":{"2020":31.2228,"2025":28.8057,"2030":26.4944,"2035":24.0507,"2040":21.1154,"2045":17.9108,"2050":14.7828,"2055":12.0022,"2060":9.7309,"2065":7.7717,"2070":5.763}},"geometry":{"type":"Polygon","coordinates":[[[141.89375,39.625],[141.89375,39.62916666666667],[141.9,39.62916666666667],[141.9,39.625],[141.89375,39.625]]]}},{"type":"Feature","id":"594137513","properties":{"meshId":"594137513","cityCode":"03202","population":{"2020":25.1736,"2025":22.3637,"2030":20.1002,"2035":18.0154,"2040":15.8028,"2045":13.8811,"2050":11.8737,"2055":9.8474,"2060":8.0197,"2065":6.7063,"2070":5.7487}},"geometry":{"type":"Polygon","coordinates":[[[141.8875,39.62916666666667],[141.8875,39.63333333333334],[141.89375,39.63333333333334],[141.89375,39.62916666666667],[141.8875,39.62916666666667]]]}},{"type":"Feature","id":"594137514","properties":{"meshId":"594137514","cityCode":"03202","population":{"2020":32.2048,"2025":30.7326,"2030":28.5657,"2035":27.0508,"2040":24.7032,"2045":23.2764,"2050":21.6674,"2055":20.0616,"2060":18.8168,"2065":17.565,"2070":16.3967}},"geometry":{"type":"Polygon","coordinates":[[[141.89375,39.62916666666667],[141.89375,39.63333333333334],[141.9,39.63333333333334],[141.9,39.62916666666667],[141.89375,39.62916666666667]]]}},{"type":"Feature","id":"594137521","properties":{"meshId":"594137521","cityCode":"03202","population":{"2020":368.473,"2025":346.9548,"2030":318.1629,"2035":289.0933,"2040":259.8966,"2045":232.4903,"2050":207.1435,"2055":184.1133,"2060":163.3835,"2065":144.1383,"2070":126.1456}},"geometry":{"type":"Polygon","coordinates":[[[141.9,39.625],[141.9,39.62916666666667],[141.90625,39.62916666666667],[141.90625,39.625],[141.9,39.625]]]}},{"type":"Feature","id":"594137522","properties":{"meshId":"594137522","cityCode":"03202","population":{"2020":42.3255,"2025":42.3295,"2030":40.9544,"2035":38.4937,"2040":35.4931,"2045":33.8473,"2050":32.0507,"2055":30.0487,"2060":27.8797,"2065":24.9309,"2070":21.9247}},"geometry":{"type":"Polygon","coordinates":[[[141.90625,39.625],[141.90625,39.62916666666667],[141.9125,39.62916666666667],[141.9125,39.625],[141.90625,39.625]]]}},{"type":"Feature","id":"594137523","properties":{"meshId":"594137523","cityCode":"03202","population":{"2020":23.151,"2025":21.2996,"2030":19.2759,"2035":17.664,"2040":15.1795,"2045":12.7911,"2050":11.062,"2055":9.8954,"2060":8.9778,"2065":8.0023,"2070":6.7474}},"geometry":{"type":"Polygon","coordinates":[[[141.9,39.62916666666667],[141.9,39.63333333333334],[141.90625,39.63333333333334],[141.90625,39.62916666666667],[141.9,39.62916666666667]]]}},{"type":"Feature","id":"594137524","properties":{"meshId":"594137524","cityCode":"03202","population":{"2020":191.2283,"2025":178.3751,"2030":166.1035,"2035":152.0084,"2040":136.3261,"2045":120.1106,"2050":103.9844,"2055":89.3403,"2060":77.9223,"2065":68.9902,"2070":60.9042}},"geometry":{"type":"Polygon","coordinates":[[[141.90625,39.62916666666667],[141.90625,39.63333333333334],[141.9125,39.63333333333334],[141.9125,39.62916666666667],[141.90625,39.62916666666667]]]}},{"type":"Feature","id":"594137531","properties":{"meshId":"594137531","cityCode":"03202","population":{"2020":147.1759,"2025":145.2238,"2030":140.0403,"2035":131.7517,"2040":120.9239,"2045":111.8515,"2050":101.7786,"2055":91.9877,"2060":81.4642,"2065":70.3809,"2070":59.9828}},"geometry":{"type":"Polygon","coordinates":[[[141.9125,39.625],[141.9125,39.62916666666667],[141.91875,39.62916666666667],[141.91875,39.625],[141.9125,39.625]]]}},{"type":"Feature","id":"594137532","properties":{"meshId":"594137532","cityCode":"03202","population":{"2020":96.6595,"2025":93.6637,"2030":89.9226,"2035":84.951,"2040":78.95,"2045":73.0146,"2050":66.5739,"2055":60.2798,"2060":54.8995,"2065":49.5734,"2070":44.6938}},"geometry":{"type":"Polygon","coordinates":[[[141.91875,39.625],[141.91875,39.62916666666667],[141.925,39.62916666666667],[141.925,39.625],[141.91875,39.625]]]}},{"type":"Feature","id":"594137533","properties":{"meshId":"594137533","cityCode":"03202","population":{"2020":307.9251,"2025":293.7767,"2030":275.1573,"2035":252.9705,"2040":230.7576,"2045":210.9596,"2050":190.553,"2055":170.2834,"2060":150.4847,"2065":131.9682,"2070":115.7079}},"geometry":{"type":"Polygon","coordinates":[[[141.9125,39.62916666666667],[141.9125,39.63333333333334],[141.91875,39.63333333333334],[141.91875,39.62916666666667],[141.9125,39.62916666666667]]]}},{"type":"Feature","id":"594137534","properties":{"meshId":"594137534","cityCode":"03202","population":{"2020":2.0165,"2025":1.7613,"2030":1.4052,"2035":1.0278,"2040":0.8253,"2045":0.6544,"2050":0.4584,"2055":0.2501,"2060":0.0788,"2065":0.0252,"2070":0.0083}},"geometry":{"type":"Polygon","coordinates":[[[141.91875,39.62916666666667],[141.91875,39.63333333333334],[141.925,39.63333333333334],[141.925,39.62916666666667],[141.91875,39.62916666666667]]]}},{"type":"Feature","id":"594137553","properties":{"meshId":"594137553","cityCode":"03202","population":{"2020":164.0126,"2025":150.5406,"2030":136.409,"2035":123.0368,"2040":110.5813,"2045":99.6351,"2050":88.7531,"2055":78.461,"2060":68.7771,"2065":59.3194,"2070":51.1216}},"geometry":{"type":"Polygon","coordinates":[[[141.9375,39.62916666666667],[141.9375,39.63333333333334],[141.94375,39.63333333333334],[141.94375,39.62916666666667],[141.9375,39.62916666666667]]]}},{"type":"Feature","id":"594137561","properties":{"meshId":"594137561","cityCode":"03202","population":{"2020":177.1626,"2025":169.5428,"2030":157.8518,"2035":146.6857,"2040":136.3967,"2045":128.5117,"2050":119.6619,"2055":110.5446,"2060":101.4221,"2065":92.0367,"2070":82.4874}},"geometry":{"type":"Polygon","coordinates":[[[141.95,39.625],[141.95,39.62916666666667],[141.95625,39.62916666666667],[141.95625,39.625],[141.95,39.625]]]}},{"type":"Feature","id":"594137562","properties":{"meshId":"594137562","cityCode":"03202","population":{"2020":588.0472,"2025":552.6155,"2030":512.7663,"2035":470.6921,"2040":429.4151,"2045":390.287,"2050":353.8947,"2055":317.7142,"2060":281.6167,"2065":243.6021,"2070":208.6055}},"geometry":{"type":"Polygon","coordinates":[[[141.95625,39.625],[141.95625,39.62916666666667],[141.9625,39.62916666666667],[141.9625,39.625],[141.95625,39.625]]]}},{"type":"Feature","id":"594137563","properties":{"meshId":"594137563","cityCode":"03202","population":{"2020":2.0194,"2025":2.0091,"2030":1.9957,"2035":1.9407,"2040":1.877,"2045":1.7708,"2050":1.6294,"2055":1.4175,"2060":1.1084,"2065":0.6776,"2070":0.3613}},"geometry":{"type":"Polygon","coordinates":[[[141.95,39.62916666666667],[141.95,39.63333333333334],[141.95625,39.63333333333334],[141.95625,39.62916666666667],[141.95,39.62916666666667]]]}},{"type":"Feature","id":"594137564","properties":{"meshId":"594137564","cityCode":"03202","population":{"2020":630.0267,"2025":580.5565,"2030":529.2425,"2035":480.5254,"2040":432.2069,"2045":386.7779,"2050":342.0451,"2055":299.3246,"2060":260.8459,"2065":224.6512,"2070":192.4625}},"geometry":{"type":"Polygon","coordinates":[[[141.95625,39.62916666666667],[141.95625,39.63333333333334],[141.9625,39.63333333333334],[141.9625,39.62916666666667],[141.95625,39.62916666666667]]]}},{"type":"Feature","id":"594137571","properties":{"meshId":"594137571","cityCode":"03202","population":{"2020":211.5702,"2025":196.6719,"2030":181.4733,"2035":166.0655,"2040":151.8112,"2045":139.5309,"2050":127.1192,"2055":114.7061,"2060":102.1174,"2065":89.3306,"2070":78.0527}},"geometry":{"type":"Polygon","coordinates":[[[141.9625,39.625],[141.9625,39.62916666666667],[141.96875,39.62916666666667],[141.96875,39.625],[141.9625,39.625]]]}},{"type":"Feature","id":"594137573","properties":{"meshId":"594137573","cityCode":"03202","population":{"2020":83.6857,"2025":80.5962,"2030":76.1659,"2035":71.3839,"2040":65.486,"2045":58.9444,"2050":52.2103,"2055":45.6802,"2060":39.5433,"2065":34.0943,"2070":29.3607}},"geometry":{"type":"Polygon","coordinates":[[[141.9625,39.62916666666667],[141.9625,39.63333333333334],[141.96875,39.63333333333334],[141.96875,39.62916666666667],[141.9625,39.62916666666667]]]}},{"type":"Feature","id":"594137602","properties":{"meshId":"594137602","cityCode":"03202","population":{"2020":87.5932,"2025":79.8525,"2030":71.5222,"2035":62.4492,"2040":53.3296,"2045":45.1634,"2050":38.0846,"2055":32.7942,"2060":28.3982,"2065":23.6792,"2070":18.6073}},"geometry":{"type":"Polygon","coordinates":[[[141.88125,39.63333333333333],[141.88125,39.6375],[141.8875,39.6375],[141.8875,39.63333333333333],[141.88125,39.63333333333333]]]}},{"type":"Feature","id":"594137604","properties":{"meshId":"594137604","cityCode":"03202","population":{"2020":3.0304,"2025":2.8735,"2030":2.6881,"2035":2.438,"2040":2.1088,"2045":1.7341,"2050":1.339,"2055":1.0212,"2060":0.7184,"2065":0.4755,"2070":0.2021}},"geometry":{"type":"Polygon","coordinates":[[[141.88125,39.6375],[141.88125,39.64166666666667],[141.8875,39.64166666666667],[141.8875,39.6375],[141.88125,39.6375]]]}},{"type":"Feature","id":"594137611","properties":{"meshId":"594137611","cityCode":"03202","population":{"2020":23.1591,"2025":21.8896,"2030":20.0896,"2035":17.7072,"2040":14.6821,"2045":11.7606,"2050":9.2455,"2055":7.3564,"2060":5.936,"2065":4.7402,"2070":0.0}},"geometry":{"type":"Polygon","coordinates":[[[141.8875,39.63333333333333],[141.8875,39.6375],[141.89375,39.6375],[141.89375,39.63333333333333],[141.8875,39.63333333333333]]]}},{"type":"Feature","id":"594137612","properties":{"meshId":"594137612","cityCode":"03202","population":{"2020":32.1619,"2025":26.9396,"2030":21.8864,"2035":16.4267,"2040":12.0113,"2045":8.5634,"2050":6.5375,"2055":5.3202,"2060":4.5765,"2065":3.8927,"2070":0.0}},"geometry":{"type":"Polygon","coordinates":[[[141.89375,39.63333333333333],[141.89375,39.6375],[141.9,39.6375],[141.9,39.63333333333333],[141.89375,39.63333333333333]]]}},{"type":"Feature","id":"594137622","properties":{"meshId":"594137622","cityCode":"03202","population":{"2020":194.135,"2025":178.5327,"2030":159.7229,"2035":142.5545,"2040":126.6984,"2045":112.7057,"2050":99.8588,"2055":88.3187,"2060":77.6566,"2065":67.7473,"2070":57.6318}},"geometry":{"type":"Polygon","coordinates":[[[141.90625,39.63333333333333],[141.90625,39.6375],[141.9125,39.6375],[141.9125,39.63333333333333],[141.90625,39.63333333333333]]]}},{"type":"Feature","id":"594137624","properties":{"meshId":"594137624","cityCode":"03202","population":{"2020":156.989,"2025":144.597,"2030":130.25,"2035":114.2578,"2040":97.5675,"2045":82.7278,"2050":70.5665,"2055":61.4298,"2060":53.9243,"2065":46.2637,"2070":38.6967}},"geometry":{"type":"Polygon","coordinates":[[[141.90625,39.6375],[141.90625,39.64166666666667],[141.9125,39.64166666666667],[141.9125,39.6375],[141.90625,39.6375]]]}},{"type":"Feature","id":"594137631","properties":{"meshId":"594137631","cityCode":"03202","population":{"2020":1080.6632,"2025":978.3983,"2030":877.2371,"2035":780.9754,"2040":695.1917,"2045":620.2228,"2050":552.4346,"2055":489.5581,"2060":429.2445,"2065":370.9947,"2070":315.9339}},"geometry":{"type":"Polygon","coordinates":[[[141.9125,39.63333333333333],[141.9125,39.6375],[141.91875,39.6375],[141.91875,39.63333333333333],[141.9125,39.63333333333333]]]}},{"type":"Feature","id":"594137632","properties":{"meshId":"594137632","cityCode":"03202","population":{"2020":406.554,"2025":381.7941,"2030":353.1708,"2035":324.0362,"2040":296.5447,"2045":271.6322,"2050":246.6483,"2055":222.8424,"2060":199.371,"2065":176.2571,"2070":153.5347}},"geometry":{"type":"Polygon","coordinates":[[[141.91875,39.63333333333333],[141.91875,39.6375],[141.925,39.6375],[141.925,39.63333333333333],[141.91875,39.63333333333333]]]}},{"type":"Feature","id":"594137633","properties":{"meshId":"594137633","cityCode":"03202","population":{"2020":369.0898,"2025":345.8624,"2030":321.5003,"2035":297.2515,"2040":277.8824,"2045":256.158,"2050":232.3567,"2055":208.132,"2060":185.1962,"2065":165.941,"2070":149.1609}},"geometry":{"type":"Polygon","coordinates":[[[141.9125,39.6375],[141.9125,39.64166666666667],[141.91875,39.64166666666667],[141.91875,39.6375],[141.9125,39.6375]]]}},{"type":"Feature","id":"594137634","properties":{"meshId":"594137634","cityCode":"03202","population":{"2020":195.2641,"2025":181.7026,"2030":163.7712,"2035":148.5941,"2040":131.846,"2045":117.3044,"2050":104.7594,"2055":93.0864,"2060":82.5352,"2065":71.3897,"2070":61.5241}},"geometry":{"type":"Polygon","coordinates":[[[141.91875,39.6375],[141.91875,39.64166666666667],[141.925,39.64166666666667],[141.925,39.6375],[141.91875,39.6375]]]}},{"type":"Feature","id":"594137641","properties":{"meshId":"594137641","cityCode":"03202","population":{"2020":146.1488,"2025":139.3857,"2030":132.8865,"2035":122.9766,"2040":112.6057,"2045":103.1107,"2050":94.2571,"2055":86.0913,"2060":78.4283,"2065":70.5277,"2070":62.3781}},"geometry":{"type":"Polygon","coordinates":[[[141.925,39.63333333333333],[141.925,39.6375],[141.93125,39.6375],[141.93125,39.63333333333333],[141.925,39.63333333333333]]]}},{"type":"Feature","id":"594137642","properties":{"meshId":"594137642","cityCode":"03202","population":{"2020":169.1491,"2025":159.0072,"2030":147.5854,"2035":133.2814,"2040":119.5827,"2045":109.3471,"2050":100.0314,"2055":90.6407,"2060":80.0768,"2065":69.1328,"2070":59.2953}},"geometry":{"type":"Polygon","coordinates":[[[141.93125,39.63333333333333],[141.93125,39.6375],[141.9375,39.6375],[141.9375,39.63333333333333],[141.93125,39.63333333333333]]]}},{"type":"Feature","id":"594137643","properties":{"meshId":"594137643","cityCode":"03202","population":{"2020":1050.3596,"2025":993.9514,"2030":923.7156,"2035":846.0698,"2040":767.262,"2045":693.7028,"2050":625.9641,"2055":562.5193,"2060":501.3679,"2065":442.2355,"2070":384.2801}},"geometry":{"type":"Polygon","coordinates":[[[141.925,39.6375],[141.925,39.64166666666667],[141.93125,39.64166666666667],[141.93125,39.6375],[141.925,39.6375]]]}},{"type":"Feature","id":"594137644","properties":{"meshId":"594137644","cityCode":"03202","population":{"2020":310.0301,"2025":289.6649,"2030":267.7196,"2035":245.3947,"2040":224.2535,"2045":205.5555,"2050":187.2661,"2055":169.2606,"2060":150.978,"2065":132.121,"2070":113.1716}},"geometry":{"type":"Polygon","coordinates":[[[141.93125,39.6375],[141.93125,39.64166666666667],[141.9375,39.64166666666667],[141.9375,39.6375],[141.93125,39.6375]]]}},{"type":"Feature","id":"594137651","properties":{"meshId":"594137651","cityCode":"03202","population":{"2020":371.4864,"2025":343.4498,"2030":311.6953,"2035":277.5772,"2040":246.7572,"2045":220.4095,"2050":196.3488,"2055":173.7068,"2060":151.3412,"2065":129.8478,"2070":109.5876}},"geometry":{"type":"Polygon","coordinates":[[[141.9375,39.63333333333333],[141.9375,39.6375],[141.94375,39.6375],[141.94375,39.63333333333333],[141.9375,39.63333333333333]]]}},{"type":"Feature","id":"594137652","properties":{"meshId":"594137652","cityCode":"03202","population":{"2020":205.2827,"2025":187.4549,"2030":169.9866,"2035":153.0681,"2040":138.0872,"2045":122.8013,"2050":108.989,"2055":95.6774,"2060":83.1108,"2065":72.4936,"2070":62.6253}},"geometry":{"type":"Polygon","coordinates":[[[141.94375,39.63333333333333],[141.94375,39.6375],[141.95,39.6375],[141.95,39.63333333333333],[141.94375,39.63333333333333]]]}},{"type":"Feature","id":"594137653","properties":{"meshId":"594137653","cityCode":"03202","population":{"2020":545.2068,"2025":517.3016,"2030":485.1494,"2035":449.8041,"2040":410.2722,"2045":370.4296,"2050":331.6274,"2055":294.5127,"2060":260.3006,"2065":228.4406,"2070":197.079}},"geometry":{"type":"Polygon","coordinates":[[[141.9375,39.6375],[141.9375,39.64166666666667],[141.94375,39.64166666666667],[141.94375,39.6375],[141.9375,39.6375]]]}},{"type":"Feature","id":"594137654","properties":{"meshId":"594137654","cityCode":"03202","population":{"2020":653.5813,"2025":617.8983,"2030":575.8538,"2035":527.6612,"2040":476.2239,"2045":424.8078,"2050":377.5496,"2055":335.155,"2060":294.9536,"2065":256.6828,"2070":220.6021}},"geometry":{"type":"Polygon","coordinates":[[[141.94375,39.6375],[141.94375,39.64166666666667],[141.95,39.64166666666667],[141.95,39.6375],[141.94375,39.6375]]]}},{"type":"Feature","id":"594137661","properties":{"meshId":"594137661","cityCode":"03202","population":{"2020":21.1206,"2025":18.6597,"2030":15.9068,"2035":12.8462,"2040":10.4357,"2045":8.5621,"2050":7.2994,"2055":6.2747,"2060":5.3578,"2065":4.6015,"2070":3.9369}},"geometry":{"type":"Polygon","coordinates":[[[141.95,39.63333333333333],[141.95,39.6375],[141.95625,39.6375],[141.95625,39.63333333333333],[141.95,39.63333333333333]]]}},{"type":"Feature","id":"594137662","properties":{"meshId":"594137662","cityCode":"03202","population":{"2020":391.6777,"2025":355.8262,"2030":317.6834,"2035":281.5466,"2040":247.4226,"2045":216.0119,"2050":188.1062,"2055":164.5986,"2060":144.2325,"2065":124.7484,"2070":107.4271}},"geometry":{"type":"Polygon","coordinates":[[[141.95625,39.63333333333333],[141.95625,39.6375],[141.9625,39.6375],[141.9625,39.63333333333333],[141.95625,39.63333333333333]]]}},{"type":"Feature","id":"594137663","properties":{"meshId":"594137663","cityCode":"03202","population":{"2020":743.8766,"2025":690.3331,"2030":631.7839,"2035":575.7714,"2040":518.1707,"2045":465.9446,"2050":418.0767,"2055":374.0199,"2060":331.2854,"2065":288.0124,"2070":247.5196}},"geometry":{"type":"Polygon","coordinates":[[[141.95,39.6375],[141.95,39.64166666666667],[141.95625,39.64166666666667],[141.95625,39.6375],[141.95,39.6375]]]}},{"type":"Feature","id":"594137664","properties":{"meshId":"594137664","cityCode":"03202","population":{"2020":329.3546,"2025":299.041,"2030":271.7332,"2035":243.0357,"2040":211.8556,"2045":181.0587,"2050":154.3755,"2055":132.091,"2060":112.8879,"2065":96.0432,"2070":81.8718}},"geometry":{"type":"Polygon","coordinates":[[[141.95625,39.6375],[141.95625,39.64166666666667],[141.9625,39.64166666666667],[141.9625,39.6375],[141.95625,39.6375]]]}},{"type":"Feature","id":"594137671","properties":{"meshId":"594137671","cityCode":"03202","population":{"2020":12.0812,"2025":11.6263,"2030":10.8418,"2035":9.7823,"2040":8.501,"2045":7.3705,"2050":6.3822,"2055":5.4943,"2060":4.7001,"2065":3.9588,"2070":3.2994}},"geometry":{"type":"Polygon","coordinates":[[[141.9625,39.63333333333333],[141.9625,39.6375],[141.96875,39.6375],[141.96875,39.63333333333333],[141.9625,39.63333333333333]]]}},{"type":"Feature","id":"594137673","properties":{"meshId":"594137673","cityCode":"03202","population":{"2020":87.579,"2025":78.7933,"2030":67.8407,"2035":57.3036,"2040":47.8719,"2045":39.3559,"2050":32.4428,"2055":27.0478,"2060":22.381,"2065":18.4086,"2070":15.273}},"geometry":{"type":"Polygon","coordinates":[[[141.9625,39.6375],[141.9625,39.64166666666667],[141.96875,39.64166666666667],[141.96875,39.6375],[141.9625,39.6375]]]}},{"type":"Feature","id":"594137713","properties":{"meshId":"594137713","cityCode":"03202","population":{"2020":3.01,"2025":2.5032,"2030":1.8619,"2035":1.1619,"2040":0.5667,"2045":0.2171,"2050":0.0827,"2055":0.0315,"2060":0.0123,"2065":0.0051,"2070":0.0021}},"geometry":{"type":"Polygon","coordinates":[[[141.8875,39.645833333333336],[141.8875,39.65],[141.89375,39.65],[141.89375,39.645833333333336],[141.8875,39.645833333333336]]]}},{"type":"Feature","id":"594137714","properties":{"meshId":"594137714","cityCode":"03202","population":{"2020":22.1382,"2025":19.8393,"2030":18.1971,"2035":17.0412,"2040":15.1677,"2045":13.1217,"2050":10.9799,"2055":9.0466,"2060":7.6355,"2065":6.4341,"2070":5.7128}},"geometry":{"type":"Polygon","coordinates":[[[141.89375,39.645833333333336],[141.89375,39.65],[141.9,39.65],[141.9,39.645833333333336],[141.89375,39.645833333333336]]]}},{"type":"Feature","id":"594137722","properties":{"meshId":"594137722","cityCode":"03202","population":{"2020":578.6673,"2025":546.9694,"2030":508.7855,"2035":466.9,"2040":423.0361,"2045":380.4245,"2050":341.5967,"2055":306.8145,"2060":277.5254,"2065":248.3338,"2070":218.6392}},"geometry":{"type":"Polygon","coordinates":[[[141.90625,39.641666666666666],[141.90625,39.645833333333336],[141.9125,39.645833333333336],[141.9125,39.641666666666666],[141.90625,39.641666666666666]]]}},{"type":"Feature","id":"594137724","properties":{"meshId":"594137724","cityCode":"03202","population":{"2020":178.246,"2025":177.3921,"2030":173.0284,"2035":165.0402,"2040":155.5136,"2045":150.1392,"2050":143.6067,"2055":136.6183,"2060":128.3941,"2065":117.2494,"2070":103.7484}},"geometry":{"type":"Polygon","coordinates":[[[141.90625,39.645833333333336],[141.90625,39.65],[141.9125,39.65],[141.9125,39.645833333333336],[141.90625,39.645833333333336]]]}},{"type":"Feature","id":"594137731","properties":{"meshId":"594137731","cityCode":"03202","population":{"2020":1006.0652,"2025":892.5563,"2030":808.2406,"2035":739.8324,"2040":677.0059,"2045":617.4373,"2050":557.5232,"2055":498.3397,"2060":438.9539,"2065":380.5322,"2070":328.5769}},"geometry":{"type":"Polygon","coordinates":[[[141.9125,39.641666666666666],[141.9125,39.645833333333336],[141.91875,39.645833333333336],[141.91875,39.641666666666666],[141.9125,39.641666666666666]]]}},{"type":"Feature","id":"594137732","properties":{"meshId":"594137732","cityCode":"03202","population":{"2020":517.4148,"2025":494.0291,"2030":463.8095,"2035":433.1751,"2040":401.7963,"2045":370.7562,"2050":341.5722,"2055":313.3502,"2060":284.714,"2065":255.669,"2070":224.746}},"geometry":{"type":"Polygon","coordinates":[[[141.91875,39.641666666666666],[141.91875,39.645833333333336],[141.925,39.645833333333336],[141.925,39.641666666666666],[141.91875,39.641666666666666]]]}},{"type":"Feature","id":"594137733","properties":{"meshId":"594137733","cityCode":"03202","population":{"2020":776.1146,"2025":765.2499,"2030":736.7969,"2035":702.7186,"2040":666.3763,"2045":634.8305,"2050":599.8506,"2055":562.7459,"2060":521.9614,"2065":476.1542,"2070":426.8005}},"geometry":{"type":"Polygon","coordinates":[[[141.9125,39.645833333333336],[141.9125,39.65],[141.91875,39.65],[141.91875,39.645833333333336],[141.9125,39.645833333333336]]]}},{"type":"Feature","id":"594137734","properties":{"meshId":"594137734","cityCode":"03202","population":{"2020":57.3787,"2025":55.7355,"2030":53.702,"2035":51.957,"2040":48.9713,"2045":46.4681,"2050":43.3048,"2055":39.7434,"2060":36.1563,"2065":32.2363,"2070":28.6747}},"geometry":{"type":"Polygon","coordinates":[[[141.91875,39.645833333333336],[141.91875,39.65],[141.925,39.65],[141.925,39.645833333333336],[141.91875,39.645833333333336]]]}},{"type":"Feature","id":"594137741","properties":{"meshId":"594137741","cityCode":"03202","population":{"2020":379.3586,"2025":347.737,"2030":311.5686,"2035":276.6188,"2040":239.8284,"2045":205.538,"2050":175.6757,"2055":149.4992,"2060":127.2666,"2065":107.8787,"2070":90.6836}},"geometry":{"type":"Polygon","coordinates":[[[141.925,39.641666666666666],[141.925,39.645833333333336],[141.93125,39.645833333333336],[141.93125,39.641666666666666],[141.925,39.641666666666666]]]}},{"type":"Feature","id":"594137742","properties":{"meshId":"594137742","cityCode":"03202","population":{"2020":501.452,"2025":467.3533,"2030":431.4351,"2035":394.4815,"2040":354.818,"2045":314.9785,"2050":275.6623,"2055":238.9597,"2060":206.9789,"2065":178.4739,"2070":153.1947}},"geometry":{"type":"Polygon","coordinates":[[[141.93125,39.641666666666666],[141.93125,39.645833333333336],[141.9375,39.645833333333336],[141.9375,39.641666666666666],[141.93125,39.641666666666666]]]}},{"type":"Feature","id":"594137743","properties":{"meshId":"594137743","cityCode":"03202","population":{"2020":34.2301,"2025":31.4147,"2030":28.6027,"2035":25.7337,"2040":22.5522,"2045":19.3606,"2050":16.7451,"2055":14.7317,"2060":13.0392,"2065":11.5872,"2070":10.0545}},"geometry":{"type":"Polygon","coordinates":[[[141.925,39.645833333333336],[141.925,39.65],[141.93125,39.65],[141.93125,39.645833333333336],[141.925,39.645833333333336]]]}},{"type":"Feature","id":"594137744","properties":{"meshId":"594137744","cityCode":"03202","population":{"2020":1388.8053,"2025":1278.6322,"2030":1156.336,"2035":1030.7554,"2040":916.1324,"2045":814.4662,"2050":721.9271,"2055":638.0378,"2060":558.5202,"2065":483.3759,"2070":414.4128}},"geometry":{"type":"Polygon","coordinates":[[[141.93125,39.645833333333336],[141.93125,39.65],[141.9375,39.65],[141.9375,39.645833333333336],[141.93125,39.645833333333336]]]}},{"type":"Feature","id":"594137751","properties":{"meshId":"594137751","cityCode":"03202","population":{"2020":834.5092,"2025":778.0258,"2030":712.9645,"2035":647.99,"2040":583.9812,"2045":524.8326,"2050":469.3153,"2055":416.8292,"2060":368.61,"2065":324.8987,"2070":285.4613}},"geometry":{"type":"Polygon","coordinates":[[[141.9375,39.641666666666666],[141.9375,39.645833333333336],[141.94375,39.645833333333336],[141.94375,39.641666666666666],[141.9375,39.641666666666666]]]}},{"type":"Feature","id":"594137752","properties":{"meshId":"594137752","cityCode":"03202","population":{"2020":1284.4479,"2025":1182.0379,"2030":1077.1826,"2035":975.7842,"2040":876.3788,"2045":786.3724,"2050":706.3028,"2055":634.9859,"2060":566.1148,"2065":497.2693,"2070":431.502}},"geometry":{"type":"Polygon","coordinates":[[[141.94375,39.641666666666666],[141.94375,39.645833333333336],[141.95,39.645833333333336],[141.95,39.641666666666666],[141.94375,39.641666666666666]]]}},{"type":"Feature","id":"594137753","properties":{"meshId":"594137753","cityCode":"03202","population":{"2020":1113.448,"2025":1018.5916,"2030":914.1331,"2035":810.6689,"2040":713.9541,"2045":630.3167,"2050":556.1786,"2055":489.5532,"2060":427.2929,"2065":367.7139,"2070":312.6716}},"geometry":{"type":"Polygon","coordinates":[[[141.9375,39.645833333333336],[141.9375,39.65],[141.94375,39.65],[141.94375,39.645833333333336],[141.9375,39.645833333333336]]]}},{"type":"Feature","id":"594137754","properties":{"meshId":"594137754","cityCode":"03202","population":{"2020":858.8547,"2025":791.8821,"2030":721.0833,"2035":650.3015,"2040":579.9388,"2045":506.2411,"2050":438.0839,"2055":373.5278,"2060":314.143,"2065":264.4625,"2070":224.3728}},"geometry":{"type":"Polygon","coordinates":[[[141.94375,39.645833333333336],[141.94375,39.65],[141.95,39.65],[141.95,39.645833333333336],[141.94375,39.645833333333336]]]}},{"type":"Feature","id":"594137761","properties":{"meshId":"594137761","cityCode":"03202","population":{"2020":701.5384,"2025":631.8354,"2030":566.6244,"2035":507.1265,"2040":449.349,"2045":389.645,"2050":334.5455,"2055":285.3834,"2060":244.1931,"2065":207.3971,"2070":176.1324}},"geometry":{"type":"Polygon","coordinates":[[[141.95,39.641666666666666],[141.95,39.645833333333336],[141.95625,39.645833333333336],[141.95625,39.641666666666666],[141.95,39.641666666666666]]]}},{"type":"Feature","id":"594137762","properties":{"meshId":"594137762","cityCode":"03202","population":{"2020":337.1391,"2025":306.5454,"2030":276.0483,"2035":245.5384,"2040":214.5002,"2045":185.8495,"2050":160.1527,"2055":137.9118,"2060":118.8266,"2065":102.4715,"2070":88.3544}},"geometry":{"type":"Polygon","coordinates":[[[141.95625,39.641666666666666],[141.95625,39.645833333333336],[141.9625,39.645833333333336],[141.9625,39.641666666666666],[141.95625,39.641666666666666]]]}},{"type":"Feature","id":"594137763","properties":{"meshId":"594137763","cityCode":"03202","population":{"2020":29.2313,"2025":26.0122,"2030":23.2865,"2035":21.3302,"2040":19.5185,"2045":17.2242,"2050":15.2277,"2055":13.2275,"2060":11.3709,"2065":9.8137,"2070":8.3063}},"geometry":{"type":"Polygon","coordinates":[[[141.95,39.645833333333336],[141.95,39.65],[141.95625,39.65],[141.95625,39.645833333333336],[141.95,39.645833333333336]]]}},{"type":"Feature","id":"594137764","properties":{"meshId":"594137764","cityCode":"03202","population":{"2020":632.0331,"2025":580.6111,"2030":529.2724,"2035":481.8743,"2040":439.4657,"2045":399.5165,"2050":359.9261,"2055":321.1552,"2060":283.3225,"2065":247.2146,"2070":215.9654}},"geometry":{"type":"Polygon","coordinates":[[[141.95625,39.645833333333336],[141.95625,39.65],[141.9625,39.65],[141.9625,39.645833333333336],[141.95625,39.645833333333336]]]}},{"type":"Feature","id":"594137771","properties":{"meshId":"594137771","cityCode":"03202","population":{"2020":185.2334,"2025":165.2601,"2030":145.3652,"2035":127.8879,"2040":110.2522,"2045":92.7728,"2050":78.0194,"2055":65.2314,"2060":54.6834,"2065":45.4468,"2070":37.3316}},"geometry":{"type":"Polygon","coordinates":[[[141.9625,39.641666666666666],[141.9625,39.645833333333336],[141.96875,39.645833333333336],[141.96875,39.641666666666666],[141.9625,39.641666666666666]]]}},{"type":"Feature","id":"594137772","properties":{"meshId":"594137772","cityCode":"03202","population":{"2020":52.3774,"2025":48.7461,"2030":44.2406,"2035":39.9048,"2040":35.62,"2045":32.1058,"2050":29.0565,"2055":26.3252,"2060":24.1085,"2065":22.0612,"2070":19.9895}},"geometry":{"type":"Polygon","coordinates":[[[141.96875,39.641666666666666],[141.96875,39.645833333333336],[141.975,39.645833333333336],[141.975,39.641666666666666],[141.96875,39.641666666666666]]]}},{"type":"Feature","id":"594137773","properties":{"meshId":"594137773","cityCode":"03202","population":{"2020":390.4197,"2025":348.4611,"2030":305.4002,"2035":263.3126,"2040":226.9651,"2045":195.8279,"2050":167.3699,"2055":141.3278,"2060":117.9716,"2065":98.3165,"2070":82.945}},"geometry":{"type":"Polygon","coordinates":[[[141.9625,39.645833333333336],[141.9625,39.65],[141.96875,39.65],[141.96875,39.645833333333336],[141.9625,39.645833333333336]]]}},{"type":"Feature","id":"594137774","properties":{"meshId":"594137774","cityCode":"03202","population":{"2020":251.6898,"2025":225.652,"2030":201.5021,"2035":177.2938,"2040":152.953,"2045":131.2957,"2050":111.7166,"2055":94.7458,"2060":79.9207,"2065":67.717,"2070":57.8975}},"geometry":{"type":"Polygon","coordinates":[[[141.96875,39.645833333333336],[141.96875,39.65],[141.975,39.65],[141.975,39.645833333333336],[141.96875,39.645833333333336]]]}},{"type":"Feature","id":"594137781","properties":{"meshId":"594137781","cityCode":"03202","population":{"2020":22.1226,"2025":18.0215,"2030":14.4235,"2035":11.6372,"2040":9.5793,"2045":8.1622,"2050":7.0188,"2055":6.1105,"2060":0.0,"2065":0.0,"2070":0.0}},"geometry":{"type":"Polygon","coordinates":[[[141.975,39.641666666666666],[141.975,39.645833333333336],[141.98125,39.645833333333336],[141.98125,39.641666666666666],[141.975,39.641666666666666]]]}},{"type":"Feature","id":"594137811","properties":{"meshId":"594137811","cityCode":"03202","population":{"2020":6.0573,"2025":6.4083,"2030":6.4016,"2035":6.3433,"2040":5.8815,"2045":5.2259,"2050":4.4414,"2055":3.5875,"2060":3.0171,"2065":2.7724,"2070":2.5838}},"geometry":{"type":"Polygon","coordinates":[[[141.8875,39.65],[141.8875,39.654166666666676],[141.89375,39.654166666666676],[141.89375,39.65],[141.8875,39.65]]]}},{"type":"Feature","id":"594137812","properties":{"meshId":"594137812","cityCode":"03202","population":{"2020":39.2467,"2025":35.797,"2030":32.1863,"2035":28.4061,"2040":24.6554,"2045":20.8594,"2050":17.0498,"2055":14.0381,"2060":11.4677,"2065":9.8763,"2070":8.558}},"geometry":{"type":"Polygon","coordinates":[[[141.89375,39.65],[141.89375,39.654166666666676],[141.9,39.654166666666676],[141.9,39.65],[141.89375,39.65]]]}},{"type":"Feature","id":"594137821","properties":{"meshId":"594137821","cityCode":"03202","population":{"2020":8.0427,"2025":7.1845,"2030":6.0647,"2035":4.7267,"2040":3.3928,"2045":2.4167,"2050":1.7403,"2055":1.1652,"2060":0.9,"2065":0.7191,"2070":0.5203}},"geometry":{"type":"Polygon","coordinates":[[[141.9,39.65],[141.9,39.654166666666676],[141.90625,39.654166666666676],[141.90625,39.65],[141.9,39.65]]]}},{"type":"Feature","id":"594137822","properties":{"meshId":"594137822","cityCode":"03202","population":{"2020":166.1544,"2025":162.5617,"2030":154.6738,"2035":145.523,"2040":136.8737,"2045":129.2771,"2050":120.8849,"2055":111.2655,"2060":101.324,"2065":90.3996,"2070":78.7527}},"geometry":{"type":"Polygon","coordinates":[[[141.90625,39.65],[141.90625,39.654166666666676],[141.9125,39.654166666666676],[141.9125,39.65],[141.90625,39.65]]]}},{"type":"Feature","id":"594137823","properties":{"meshId":"594137823","cityCode":"03202","population":{"2020":2.0039,"2025":1.5953,"2030":1.1863,"2035":0.8755,"2040":0.6658,"2045":0.4341,"2050":0.1735,"2055":0.068,"2060":0.0272,"2065":0.0115,"2070":0.0049}},"geometry":{"type":"Polygon","coordinates":[[[141.9,39.654166666666676],[141.9,39.658333333333346],[141.90625,39.658333333333346],[141.90625,39.654166666666676],[141.9,39.654166666666676]]]}},{"type":"Feature","id":"594137831","properties":{"meshId":"594137831","cityCode":"03202","population":{"2020":34.1831,"2025":34.6134,"2030":33.6958,"2035":31.356,"2040":29.6353,"2045":29.2099,"2050":28.4034,"2055":27.0526,"2060":25.0755,"2065":22.8003,"2070":20.7625}},"geometry":{"type":"Polygon","coordinates":[[[141.9125,39.65],[141.9125,39.654166666666676],[141.91875,39.654166666666676],[141.91875,39.65],[141.9125,39.65]]]}},{"type":"Feature","id":"594137832","properties":{"meshId":"594137832","cityCode":"03202","population":{"2020":15.0895,"2025":11.9835,"2030":10.6038,"2035":9.5836,"2040":8.5761,"2045":7.4325,"2050":6.1671,"2055":4.8531,"2060":3.5685,"2065":2.8066,"2070":2.4539}},"geometry":{"type":"Polygon","coordinates":[[[141.91875,39.65],[141.91875,39.654166666666676],[141.925,39.654166666666676],[141.925,39.65],[141.91875,39.65]]]}},{"type":"Feature","id":"594137841","properties":{"meshId":"594137841","cityCode":"03202","population":{"2020":18.1453,"2025":16.8948,"2030":15.5263,"2035":14.1607,"2040":12.7293,"2045":10.9964,"2050":9.3469,"2055":8.0067,"2060":6.5976,"2065":5.353,"2070":4.3767}},"geometry":{"type":"Polygon","coordinates":[[[141.925,39.65],[141.925,39.654166666666676],[141.93125,39.654166666666676],[141.93125,39.65],[141.925,39.65]]]}},{"type":"Feature","id":"594137842","properties":{"meshId":"594137842","cityCode":"03202","population":{"2020":221.5448,"2025":203.0397,"2030":187.0397,"2035":172.0474,"2040":156.1936,"2045":140.7505,"2050":124.8176,"2055":109.5785,"2060":94.7973,"2065":81.7233,"2070":71.4864}},"geometry":{"type":"Polygon","coordinates":[[[141.93125,39.65],[141.93125,39.654166666666676],[141.9375,39.654166666666676],[141.9375,39.65],[141.93125,39.65]]]}},{"type":"Feature","id":"594137843","properties":{"meshId":"594137843","cityCode":"03202","population":{"2020":94.2054,"2025":56.6422,"2030":31.4665,"2035":17.97,"2040":10.8661,"2045":7.6244,"2050":5.958,"2055":5.3151,"2060":4.9847,"2065":4.6715,"2070":4.2435}},"geometry":{"type":"Polygon","coordinates":[[[141.925,39.654166666666676],[141.925,39.658333333333346],[141.93125,39.658333333333346],[141.93125,39.654166666666676],[141.925,39.654166666666676]]]}},{"type":"Feature","id":"594137844","properties":{"meshId":"594137844","cityCode":"03202","population":{"2020":330.5553,"2025":266.7434,"2030":211.5454,"2035":167.0816,"2040":131.0921,"2045":104.3311,"2050":83.713,"2055":68.085,"2060":55.52,"2065":45.7228,"2070":37.2733}},"geometry":{"type":"Polygon","coordinates":[[[141.93125,39.654166666666676],[141.93125,39.658333333333346],[141.9375,39.658333333333346],[141.9375,39.654166666666676],[141.93125,39.654166666666676]]]}},{"type":"Feature","id":"594137851","properties":{"meshId":"594137851","cityCode":"03202","population":{"2020":177.0024,"2025":161.1084,"2030":143.8409,"2035":125.3757,"2040":111.1477,"2045":100.0767,"2050":90.3804,"2055":81.7076,"2060":73.0154,"2065":64.1616,"2070":56.0906}},"geometry":{"type":"Polygon","coordinates":[[[141.9375,39.65],[141.9375,39.654166666666676],[141.94375,39.654166666666676],[141.94375,39.65],[141.9375,39.65]]]}},{"type":"Feature","id":"594137852","properties":{"meshId":"594137852","cityCode":"03202","population":{"2020":109.6931,"2025":97.679,"2030":86.1987,"2035":74.8904,"2040":66.0521,"2045":58.1412,"2050":51.1967,"2055":44.7042,"2060":38.6882,"2065":33.563,"2070":28.8636}},"geometry":{"type":"Polygon","coordinates":[[[141.94375,39.65],[141.94375,39.654166666666676],[141.95,39.654166666666676],[141.95,39.65],[141.94375,39.65]]]}},{"type":"Feature","id":"594137854","properties":{"meshId":"594137854","cityCode":"03202","population":{"2020":36.4435,"2025":43.2514,"2030":47.8447,"2035":50.8849,"2040":51.9868,"2045":49.2952,"2050":47.343,"2055":46.0351,"2060":45.2565,"2065":44.5114,"2070":42.563}},"geometry":{"type":"Polygon","coordinates":[[[141.94375,39.654166666666676],[141.94375,39.658333333333346],[141.95,39.658333333333346],[141.95,39.654166666666676],[141.94375,39.654166666666676]]]}},{"type":"Feature","id":"594137861","properties":{"meshId":"594137861","cityCode":"03202","population":{"2020":458.7961,"2025":416.2315,"2030":373.7552,"2035":335.3689,"2040":300.0203,"2045":264.6166,"2050":233.9821,"2055":204.913,"2060":178.115,"2065":153.7542,"2070":133.3274}},"geometry":{"type":"Polygon","coordinates":[[[141.95,39.65],[141.95,39.654166666666676],[141.95625,39.654166666666676],[141.95625,39.65],[141.95,39.65]]]}},{"type":"Feature","id":"594137862","properties":{"meshId":"594137862","cityCode":"03202","population":{"2020":378.4382,"2025":348.0994,"2030":316.8212,"2035":282.8498,"2040":249.7635,"2045":217.7899,"2050":189.0648,"2055":163.7171,"2060":141.8423,"2065":122.3358,"2070":105.7754}},"geometry":{"type":"Polygon","coordinates":[[[141.95625,39.65],[141.95625,39.654166666666676],[141.9625,39.654166666666676],[141.9625,39.65],[141.95625,39.65]]]}},{"type":"Feature","id":"594137863","properties":{"meshId":"594137863","cityCode":"03202","population":{"2020":842.4124,"2025":761.8315,"2030":683.9192,"2035":607.6089,"2040":533.3819,"2045":465.6217,"2050":404.5242,"2055":348.3933,"2060":297.8195,"2065":252.8909,"2070":212.0229}},"geometry":{"type":"Polygon","coordinates":[[[141.95,39.654166666666676],[141.95,39.658333333333346],[141.95625,39.658333333333346],[141.95625,39.654166666666676],[141.95,39.654166666666676]]]}},{"type":"Feature","id":"594137864","properties":{"meshId":"594137864","cityCode":"03202","population":{"2020":418.6504,"2025":391.3539,"2030":360.4174,"2035":326.271,"2040":295.675,"2045":268.8181,"2050":245.3015,"2055":223.4891,"2060":202.5508,"2065":180.9932,"2070":160.3245}},"geometry":{"type":"Polygon","coordinates":[[[141.95625,39.654166666666676],[141.95625,39.658333333333346],[141.9625,39.658333333333346],[141.9625,39.654166666666676],[141.95625,39.654166666666676]]]}},{"type":"Feature","id":"594137871","properties":{"meshId":"594137871","cityCode":"03202","population":{"2020":241.5077,"2025":218.1936,"2030":194.0016,"2035":171.8805,"2040":152.1709,"2045":133.9136,"2050":116.7999,"2055":101.2078,"2060":87.4129,"2065":76.8049,"2070":67.2026}},"geometry":{"type":"Polygon","coordinates":[[[141.9625,39.65],[141.9625,39.654166666666676],[141.96875,39.654166666666676],[141.96875,39.65],[141.9625,39.65]]]}},{"type":"Feature","id":"594137872","properties":{"meshId":"594137872","cityCode":"03202","population":{"2020":41.2642,"2025":37.0674,"2030":32.5719,"2035":28.5892,"2040":24.7796,"2045":22.1019,"2050":19.2422,"2055":16.1404,"2060":13.1018,"2065":10.7321,"2070":9.2725}},"geometry":{"type":"Polygon","coordinates":[[[141.96875,39.65],[141.96875,39.654166666666676],[141.975,39.654166666666676],[141.975,39.65],[141.96875,39.65]]]}},{"type":"Feature","id":"594137912","properties":{"meshId":"594137912","cityCode":"03202","population":{"2020":18.1427,"2025":18.6166,"2030":17.8848,"2035":16.8263,"2040":15.0108,"2045":13.3915,"2050":11.9703,"2055":10.4001,"2060":8.758,"2065":7.6469,"2070":6.7863}},"geometry":{"type":"Polygon","coordinates":[[[141.89375,39.65833333333334],[141.89375,39.6625],[141.9,39.6625],[141.9,39.65833333333334],[141.89375,39.65833333333334]]]}},{"type":"Feature","id":"594137914","properties":{"meshId":"594137914","cityCode":"03202","population":{"2020":8.0573,"2025":8.4795,"2030":8.9244,"2035":8.6626,"2040":8.5328,"2045":8.2201,"2050":7.9974,"2055":7.8266,"2060":7.5949,"2065":7.2758,"2070":6.7015}},"geometry":{"type":"Polygon","coordinates":[[[141.89375,39.6625],[141.89375,39.66666666666668],[141.9,39.66666666666668],[141.9,39.6625],[141.89375,39.6625]]]}},{"type":"Feature","id":"594137941","properties":{"meshId":"594137941","cityCode":"03202","population":{"2020":25.1841,"2025":23.6531,"2030":21.5949,"2035":18.9331,"2040":16.4188,"2045":13.9692,"2050":11.633,"2055":9.4255,"2060":7.447,"2065":5.6705,"2070":4.3783}},"geometry":{"type":"Polygon","coordinates":[[[141.925,39.65833333333334],[141.925,39.6625],[141.93125,39.6625],[141.93125,39.65833333333334],[141.925,39.65833333333334]]]}},{"type":"Feature","id":"594137942","properties":{"meshId":"594137942","cityCode":"03202","population":{"2020":65.3736,"2025":62.1239,"2030":59.2109,"2035":55.6392,"2040":51.523,"2045":46.5891,"2050":42.0944,"2055":38.3226,"2060":34.9662,"2065":31.9856,"2070":29.0222}},"geometry":{"type":"Polygon","coordinates":[[[141.93125,39.65833333333334],[141.93125,39.6625],[141.9375,39.6625],[141.9375,39.65833333333334],[141.93125,39.65833333333334]]]}},{"type":"Feature","id":"594137944","properties":{"meshId":"594137944","cityCode":"03202","population":{"2020":425.6487,"2025":385.829,"2030":342.2222,"2035":300.3505,"2040":266.3109,"2045":235.4814,"2050":208.8343,"2055":184.1414,"2060":159.5843,"2065":136.969,"2070":117.5932}},"geometry":{"type":"Polygon","coordinates":[[[141.93125,39.6625],[141.93125,39.66666666666668],[141.9375,39.66666666666668],[141.9375,39.6625],[141.93125,39.6625]]]}},{"type":"Feature","id":"594137952","properties":{"meshId":"594137952","cityCode":"03202","population":{"2020":48.363,"2025":45.5357,"2030":43.0299,"2035":40.6137,"2040":37.5882,"2045":33.9857,"2050":30.0784,"2055":26.5049,"2060":23.2826,"2065":20.378,"2070":18.1931}},"geometry":{"type":"Polygon","coordinates":[[[141.94375,39.65833333333334],[141.94375,39.6625],[141.95,39.6625],[141.95,39.65833333333334],[141.94375,39.65833333333334]]]}},{"type":"Feature","id":"594137961","properties":{"meshId":"594137961","cityCode":"03202","population":{"2020":285.343,"2025":237.3259,"2030":218.3976,"2035":208.1687,"2040":198.3679,"2045":182.0689,"2050":164.2819,"2055":150.871,"2060":141.4497,"2065":135.0963,"2070":128.9808}},"geometry":{"type":"Polygon","coordinates":[[[141.95,39.65833333333334],[141.95,39.6625],[141.95625,39.6625],[141.95625,39.65833333333334],[141.95,39.65833333333334]]]}},{"type":"Feature","id":"594137962","properties":{"meshId":"594137962","cityCode":"03202","population":{"2020":13.0979,"2025":12.1475,"2030":11.5659,"2035":11.3266,"2040":10.6972,"2045":10.0403,"2050":9.2105,"2055":8.2448,"2060":7.1496,"2065":5.9878,"2070":5.3928}},"geometry":{"type":"Polygon","coordinates":[[[141.95625,39.65833333333334],[141.95625,39.6625],[141.9625,39.6625],[141.9625,39.65833333333334],[141.95625,39.65833333333334]]]}},{"type":"Feature","id":"594137963","properties":{"meshId":"594137963","cityCode":"03202","population":{"2020":67.3823,"2025":58.7895,"2030":51.2707,"2035":44.5334,"2040":37.7305,"2045":31.0187,"2050":24.8519,"2055":19.5578,"2060":15.1287,"2065":12.0989,"2070":9.5197}},"geometry":{"type":"Polygon","coordinates":[[[141.95,39.6625],[141.95,39.66666666666668],[141.95625,39.66666666666668],[141.95625,39.6625],[141.95,39.6625]]]}},{"type":"Feature","id":"594137964","properties":{"meshId":"594137964","cityCode":"03202","population":{"2020":8.0767,"2025":8.4768,"2030":8.5191,"2035":8.2845,"2040":7.6544,"2045":7.3312,"2050":6.7448,"2055":6.1421,"2060":5.5107,"2065":5.0178,"2070":4.4813}},"geometry":{"type":"Polygon","coordinates":[[[141.95625,39.6625],[141.95625,39.66666666666668],[141.9625,39.66666666666668],[141.9625,39.6625],[141.95625,39.6625]]]}},{"type":"Feature","id":"594137971","properties":{"meshId":"594137971","cityCode":"03202","population":{"2020":27.1668,"2025":24.6725,"2030":22.0644,"2035":19.7108,"2040":16.8318,"2045":14.883,"2050":13.0758,"2055":11.6133,"2060":10.5433,"2065":9.3717,"2070":8.2715}},"geometry":{"type":"Polygon","coordinates":[[[141.9625,39.65833333333334],[141.9625,39.6625],[141.96875,39.6625],[141.96875,39.65833333333334],[141.9625,39.65833333333334]]]}},{"type":"Feature","id":"594137972","properties":{"meshId":"594137972","cityCode":"03202","population":{"2020":4.0147,"2025":2.6189,"2030":1.4292,"2035":0.9661,"2040":0.7058,"2045":0.4718,"2050":0.2491,"2055":0.0773,"2060":0.0245,"2065":0.008,"2070":0.0027}},"geometry":{"type":"Polygon","coordinates":[[[141.96875,39.65833333333334],[141.96875,39.6625],[141.975,39.6625],[141.975,39.65833333333334],[141.96875,39.65833333333334]]]}},{"type":"Feature","id":"594137973","properties":{"meshId":"594137973","cityCode":"03202","population":{"2020":13.0844,"2025":13.2255,"2030":13.1059,"2035":12.885,"2040":13.0143,"2045":11.9946,"2050":11.2683,"2055":10.4937,"2060":9.8129,"2065":9.5343,"2070":9.1958}},"geometry":{"type":"Polygon","coordinates":[[[141.9625,39.6625],[141.9625,39.66666666666668],[141.96875,39.66666666666668],[141.96875,39.6625],[141.9625,39.6625]]]}},{"type":"Feature","id":"594144073","properties":{"meshId":"594144073","cityCode":"03202","population":{"2020":8.0328,"2025":5.9204,"2030":4.3629,"2035":3.2121,"2040":2.4343,"2045":0.0,"2050":0.0,"2055":0.0,"2060":0.0,"2065":0.0,"2070":0.0}},"geometry":{"type":"Polygon","coordinates":[[[141.5875,39.67083333333334],[141.5875,39.675],[141.59375,39.675],[141.59375,39.67083333333334],[141.5875,39.67083333333334]]]}},{"type":"Feature","id":"594144162","properties":{"meshId":"594144162","cityCode":"03202","population":{"2020":4.0174,"2025":3.3733,"2030":2.5597,"2035":1.6331,"2040":0.8039,"2045":0.0,"2050":0.0,"2055":0.0,"2060":0.0,"2065":0.0,"2070":0.0}},"geometry":{"type":"Polygon","coordinates":[[[141.58125,39.675],[141.58125,39.679166666666674],[141.5875,39.679166666666674],[141.5875,39.675],[141.58125,39.675]]]}},{"type":"Feature","id":"594144164","properties":{"meshId":"594144164","cityCode":"03202","population":{"2020":4.0209,"2025":3.4141,"2030":2.7337,"2035":2.0714,"2040":1.4852,"2045":0.0,"2050":0.0,"2055":0.0,"2060":0.0,"2065":0.0,"2070":0.0}},"geometry":{"type":"Polygon","coordinates":[[[141.58125,39.679166666666674],[141.58125,39.683333333333344],[141.5875,39.683333333333344],[141.5875,39.679166666666674],[141.58125,39.679166666666674]]]}},{"type":"Feature","id":"594144171","properties":{"meshId":"594144171","cityCode":"03202","population":{"2020":10.0703,"2025":8.6961,"2030":7.9804,"2035":7.0813,"2040":6.0257,"2045":5.179,"2050":0.0,"2055":0.0,"2060":0.0,"2065":0.0,"2070":0.0}},"geometry":{"type":"Polygon","coordinates":[[[141.5875,39.675],[141.5875,39.679166666666674],[141.59375,39.679166666666674],[141.59375,39.675],[141.5875,39.675]]]}},{"type":"Feature","id":"594145081","properties":{"meshId":"594145081","cityCode":"03202","population":{"2020":43.302,"2025":37.6695,"2030":31.5016,"2035":26.1025,"2040":20.6074,"2045":15.514,"2050":11.5746,"2055":8.8225,"2060":6.9865,"2065":5.8743,"2070":4.9943}},"geometry":{"type":"Polygon","coordinates":[[[141.725,39.66666666666667],[141.725,39.67083333333334],[141.73125,39.67083333333334],[141.73125,39.66666666666667],[141.725,39.66666666666667]]]}},{"type":"Feature","id":"594145082","properties":{"meshId":"594145082","cityCode":"03202","population":{"2020":9.0997,"2025":9.0085,"2030":8.3024,"2035":7.4392,"2040":6.4306,"2045":5.5598,"2050":5.0838,"2055":4.6629,"2060":4.15,"2065":3.4764,"2070":2.6757}},"geometry":{"type":"Polygon","coordinates":[[[141.73125,39.66666666666667],[141.73125,39.67083333333334],[141.7375,39.67083333333334],[141.7375,39.66666666666667],[141.73125,39.66666666666667]]]}},{"type":"Feature","id":"594145083","properties":{"meshId":"594145083","cityCode":"03202","population":{"2020":38.3063,"2025":33.9866,"2030":32.2097,"2035":29.4384,"2040":26.4419,"2045":23.7561,"2050":21.441,"2055":19.0974,"2060":16.8152,"2065":14.3122,"2070":11.5247}},"geometry":{"type":"Polygon","coordinates":[[[141.725,39.67083333333334],[141.725,39.675],[141.73125,39.675],[141.73125,39.67083333333334],[141.725,39.67083333333334]]]}},{"type":"Feature","id":"594145171","properties":{"meshId":"594145171","cityCode":"03202","population":{"2020":17.1107,"2025":14.6966,"2030":11.7954,"2035":9.426,"2040":7.7321,"2045":6.6938,"2050":5.9753,"2055":5.2703,"2060":4.5101,"2065":3.5402,"2070":2.637}},"geometry":{"type":"Polygon","coordinates":[[[141.7125,39.675],[141.7125,39.679166666666674],[141.71875,39.679166666666674],[141.71875,39.675],[141.7125,39.675]]]}},{"type":"Feature","id":"594145172","properties":{"meshId":"594145172","cityCode":"03202","population":{"2020":28.1721,"2025":23.6147,"2030":19.6926,"2035":17.5798,"2040":15.9646,"2045":14.2126,"2050":12.2558,"2055":10.0378,"2060":7.9976,"2065":6.6614,"2070":5.9686}},"geometry":{"type":"Polygon","coordinates":[[[141.71875,39.675],[141.71875,39.679166666666674],[141.725,39.679166666666674],[141.725,39.675],[141.71875,39.675]]]}},{"type":"Feature","id":"594145173","properties":{"meshId":"594145173","cityCode":"03202","population":{"2020":45.2608,"2025":40.0161,"2030":35.515,"2035":31.3974,"2040":27.2988,"2045":23.2031,"2050":19.4224,"2055":16.3329,"2060":13.8857,"2065":12.2617,"2070":10.772}},"geometry":{"type":"Polygon","coordinates":[[[141.7125,39.679166666666674],[141.7125,39.683333333333344],[141.71875,39.683333333333344],[141.71875,39.679166666666674],[141.7125,39.679166666666674]]]}},{"type":"Feature","id":"594145264","properties":{"meshId":"594145264","cityCode":"03202","population":{"2020":4.036,"2025":3.7165,"2030":3.339,"2035":0.0,"2040":0.0,"2045":0.0,"2050":0.0,"2055":0.0,"2060":0.0,"2065":0.0,"2070":0.0}},"geometry":{"type":"Polygon","coordinates":[[[141.70625,39.6875],[141.70625,39.69166666666668],[141.7125,39.69166666666668],[141.7125,39.6875],[141.70625,39.6875]]]}},{"type":"Feature","id":"594145271","properties":{"meshId":"594145271","cityCode":"03202","population":{"2020":48.2959,"2025":41.4286,"2030":34.6215,"2035":28.93,"2040":24.1989,"2045":20.2458,"2050":16.6287,"2055":13.4211,"2060":10.6781,"2065":8.8726,"2070":7.871}},"geometry":{"type":"Polygon","coordinates":[[[141.7125,39.68333333333334],[141.7125,39.6875],[141.71875,39.6875],[141.71875,39.68333333333334],[141.7125,39.68333333333334]]]}},{"type":"Feature","id":"594145273","properties":{"meshId":"594145273","cityCode":"03202","population":{"2020":42.2515,"2025":35.354,"2030":30.1172,"2035":25.4467,"2040":22.4918,"2045":19.5921,"2050":16.5669,"2055":13.7613,"2060":11.6622,"2065":9.8209,"2070":8.1393}},"geometry":{"type":"Polygon","coordinates":[[[141.7125,39.6875],[141.7125,39.69166666666668],[141.71875,39.69166666666668],[141.71875,39.6875],[141.7125,39.6875]]]}},{"type":"Feature","id":"594145362","properties":{"meshId":"594145362","cityCode":"03202","population":{"2020":35.2195,"2025":30.7758,"2030":25.7658,"2035":20.6086,"2040":15.5488,"2045":11.3693,"2050":8.3179,"2055":6.1779,"2060":4.906,"2065":3.9301,"2070":3.0721}},"geometry":{"type":"Polygon","coordinates":[[[141.70625,39.69166666666667],[141.70625,39.69583333333334],[141.7125,39.69583333333334],[141.7125,39.69166666666667],[141.70625,39.69166666666667]]]}},{"type":"Feature","id":"594145364","properties":{"meshId":"594145364","cityCode":"03202","population":{"2020":21.144,"2025":18.4045,"2030":16.8897,"2035":14.9346,"2040":12.7271,"2045":10.2849,"2050":8.0656,"2055":6.5094,"2060":5.2893,"2065":4.299,"2070":3.3361}},"geometry":{"type":"Polygon","coordinates":[[[141.70625,39.69583333333334],[141.70625,39.7],[141.7125,39.7],[141.7125,39.69583333333334],[141.70625,39.69583333333334]]]}},{"type":"Feature","id":"594145371","properties":{"meshId":"594145371","cityCode":"03202","population":{"2020":2.0113,"2025":1.5558,"2030":1.0894,"2035":0.8514,"2040":0.6645,"2045":0.0,"2050":0.0,"2055":0.0,"2060":0.0,"2065":0.0,"2070":0.0}},"geometry":{"type":"Polygon","coordinates":[[[141.7125,39.69166666666667],[141.7125,39.69583333333334],[141.71875,39.69583333333334],[141.71875,39.69166666666667],[141.7125,39.69166666666667]]]}},{"type":"Feature","id":"594145373","properties":{"meshId":"594145373","cityCode":"03202","population":{"2020":6.0404,"2025":5.3139,"2030":4.9152,"2035":4.5835,"2040":4.2111,"2045":0.0,"2050":0.0,"2055":0.0,"2060":0.0,"2065":0.0,"2070":0.0}},"geometry":{"type":"Polygon","coordinates":[[[141.7125,39.69583333333334],[141.7125,39.7],[141.71875,39.7],[141.71875,39.69583333333334],[141.7125,39.69583333333334]]]}},{"type":"Feature","id":"594145473","properties":{"meshId":"594145473","cityCode":"03202","population":{"2020":3.0147,"2025":2.482,"2030":0.0,"2035":0.0,"2040":0.0,"2045":0.0,"2050":0.0,"2055":0.0,"2060":0.0,"2065":0.0,"2070":0.0}},"geometry":{"type":"Polygon","coordinates":[[[141.7125,39.70416666666667],[141.7125,39.70833333333334],[141.71875,39.70833333333334],[141.71875,39.70416666666667],[141.7125,39.70416666666667]]]}},{"type":"Feature","id":"594145574","properties":{"meshId":"594145574","cityCode":"03202","population":{"2020":2.0003,"2025":0.0,"2030":0.0,"2035":0.0,"2040":0.0,"2045":0.0,"2050":0.0,"2055":0.0,"2060":0.0,"2065":0.0,"2070":0.0}},"geometry":{"type":"Polygon","coordinates":[[[141.71875,39.7125],[141.71875,39.716666666666676],[141.725,39.716666666666676],[141.725,39.7125],[141.71875,39.7125]]]}},{"type":"Feature","id":"594145583","properties":{"meshId":"594145583","cityCode":"03202","population":{"2020":2.0043,"2025":1.556,"2030":1.1063,"2035":0.0,"2040":0.0,"2045":0.0,"2050":0.0,"2055":0.0,"2060":0.0,"2065":0.0,"2070":0.0}},"geometry":{"type":"Polygon","coordinates":[[[141.725,39.7125],[141.725,39.716666666666676],[141.73125,39.716666666666676],[141.73125,39.7125],[141.725,39.7125]]]}},{"type":"Feature","id":"594145584","properties":{"meshId":"594145584","cityCode":"03202","population":{"2020":3.0126,"2025":2.0178,"2030":1.2087,"2035":0.0,"2040":0.0,"2045":0.0,"2050":0.0,"2055":0.0,"2060":0.0,"2065":0.0,"2070":0.0}},"geometry":{"type":"Polygon","coordinates":[[[141.73125,39.7125],[141.73125,39.716666666666676],[141.7375,39.716666666666676],[141.7375,39.7125],[141.73125,39.7125]]]}},{"type":"Feature","id":"594145593","properties":{"meshId":"594145593","cityCode":"03202","population":{"2020":15.0644,"2025":11.0565,"2030":9.1637,"2035":7.9025,"2040":6.9847,"2045":6.0558,"2050":5.0761,"2055":4.1702,"2060":0.0,"2065":0.0,"2070":0.0}},"geometry":{"type":"Polygon","coordinates":[[[141.7375,39.7125],[141.7375,39.716666666666676],[141.74375,39.716666666666676],[141.74375,39.7125],[141.7375,39.7125]]]}},{"type":"Feature","id":"594145594","properties":{"meshId":"594145594","cityCode":"03202","population":{"2020":6.037,"2025":5.8019,"2030":5.4581,"2035":4.7883,"2040":4.4367,"2045":4.1876,"2050":3.8792,"2055":3.5317,"2060":0.0,"2065":0.0,"2070":0.0}},"geometry":{"type":"Polygon","coordinates":[[[141.74375,39.7125],[141.74375,39.716666666666676],[141.75,39.716666666666676],[141.75,39.7125],[141.74375,39.7125]]]}},{"type":"Feature","id":"594145672","properties":{"meshId":"594145672","cityCode":"03202","population":{"2020":3.0257,"2025":2.716,"2030":2.274,"2035":0.0,"2040":0.0,"2045":0.0,"2050":0.0,"2055":0.0,"2060":0.0,"2065":0.0,"2070":0.0}},"geometry":{"type":"Polygon","coordinates":[[[141.71875,39.71666666666667],[141.71875,39.72083333333334],[141.725,39.72083333333334],[141.725,39.71666666666667],[141.71875,39.71666666666667]]]}},{"type":"Feature","id":"594145681","properties":{"meshId":"594145681","cityCode":"03202","population":{"2020":3.0096,"2025":1.9441,"2030":0.0,"2035":0.0,"2040":0.0,"2045":0.0,"2050":0.0,"2055":0.0,"2060":0.0,"2065":0.0,"2070":0.0}},"geometry":{"type":"Polygon","coordinates":[[[141.725,39.71666666666667],[141.725,39.72083333333334],[141.73125,39.72083333333334],[141.73125,39.71666666666667],[141.725,39.71666666666667]]]}},{"type":"Feature","id":"594146062","properties":{"meshId":"594146062","cityCode":"03202","population":{"2020":3.0245,"2025":2.8175,"2030":2.549,"2035":0.0,"2040":0.0,"2045":0.0,"2050":0.0,"2055":0.0,"2060":0.0,"2065":0.0,"2070":0.0}},"geometry":{"type":"Polygon","coordinates":[[[141.83125,39.66666666666667],[141.83125,39.67083333333334],[141.8375,39.67083333333334],[141.8375,39.66666666666667],[141.83125,39.66666666666667]]]}},{"type":"Feature","id":"594146281","properties":{"meshId":"594146281","cityCode":"03202","population":{"2020":3.0066,"2025":2.0483,"2030":1.3025,"2035":1.0407,"2040":0.9331,"2045":0.8507,"2050":0.7686,"2055":0.6392,"2060":0.0,"2065":0.0,"2070":0.0}},"geometry":{"type":"Polygon","coordinates":[[[141.85,39.68333333333334],[141.85,39.6875],[141.85625,39.6875],[141.85625,39.68333333333334],[141.85,39.68333333333334]]]}},{"type":"Feature","id":"594146283","properties":{"meshId":"594146283","cityCode":"03202","population":{"2020":1.0075,"2025":0.8702,"2030":0.6978,"2035":0.4712,"2040":0.2371,"2045":0.0703,"2050":0.0206,"2055":0.0063,"2060":0.0,"2065":0.0,"2070":0.0}},"geometry":{"type":"Polygon","coordinates":[[[141.85,39.6875],[141.85,39.69166666666668],[141.85625,39.69166666666668],[141.85625,39.6875],[141.85,39.6875]]]}},{"type":"Feature","id":"594146284","properties":{"meshId":"594146284","cityCode":"03202","population":{"2020":15.0891,"2025":13.2075,"2030":11.4876,"2035":10.7968,"2040":10.2957,"2045":9.5972,"2050":8.8122,"2055":7.8073,"2060":0.0,"2065":0.0,"2070":0.0}},"geometry":{"type":"Polygon","coordinates":[[[141.85625,39.6875],[141.85625,39.69166666666668],[141.8625,39.69166666666668],[141.8625,39.6875],[141.85625,39.6875]]]}},{"type":"Feature","id":"594146392","properties":{"meshId":"594146392","cityCode":"03202","population":{"2020":2.0112,"2025":1.9654,"2030":1.9035,"2035":1.8234,"2040":1.6539,"2045":1.4088,"2050":0.0,"2055":0.0,"2060":0.0,"2065":0.0,"2070":0.0}},"geometry":{"type":"Polygon","coordinates":[[[141.86875,39.69166666666667],[141.86875,39.69583333333334],[141.875,39.69583333333334],[141.875,39.69166666666667],[141.86875,39.69166666666667]]]}},{"type":"Feature","id":"594146393","properties":{"meshId":"594146393","cityCode":"03202","population":{"2020":6.0482,"2025":5.3805,"2030":5.0223,"2035":4.3401,"2040":3.607,"2045":2.9995,"2050":0.0,"2055":0.0,"2060":0.0,"2065":0.0,"2070":0.0}},"geometry":{"type":"Polygon","coordinates":[[[141.8625,39.69583333333334],[141.8625,39.7],[141.86875,39.7],[141.86875,39.69583333333334],[141.8625,39.69583333333334]]]}},{"type":"Feature","id":"594146394","properties":{"meshId":"594146394","cityCode":"03202","population":{"2020":1.0122,"2025":0.9795,"2030":0.9259,"2035":0.8479,"2040":0.7549,"2045":0.6256,"2050":0.0,"2055":0.0,"2060":0.0,"2065":0.0,"2070":0.0}},"geometry":{"type":"Polygon","coordinates":[[[141.86875,39.69583333333334],[141.86875,39.7],[141.875,39.7],[141.875,39.69583333333334],[141.86875,39.69583333333334]]]}},{"type":"Feature","id":"594146481","properties":{"meshId":"594146481","cityCode":"03202","population":{"2020":10.0455,"2025":9.7496,"2030":9.1414,"2035":8.871,"2040":8.6022,"2045":8.3237,"2050":7.8067,"2055":0.0,"2060":0.0,"2065":0.0,"2070":0.0}},"geometry":{"type":"Polygon","coordinates":[[[141.85,39.7],[141.85,39.70416666666667],[141.85625,39.70416666666667],[141.85625,39.7],[141.85,39.7]]]}},{"type":"Feature","id":"594146482","properties":{"meshId":"594146482","cityCode":"03202","population":{"2020":3.0107,"2025":2.5135,"2030":1.9658,"2035":1.4637,"2040":1.104,"2045":0.9546,"2050":0.8552,"2055":0.0,"2060":0.0,"2065":0.0,"2070":0.0}},"geometry":{"type":"Polygon","coordinates":[[[141.85625,39.7],[141.85625,39.70416666666667],[141.8625,39.70416666666667],[141.8625,39.7],[141.85625,39.7]]]}},{"type":"Feature","id":"594146491","properties":{"meshId":"594146491","cityCode":"03202","population":{"2020":13.1234,"2025":12.4447,"2030":12.0644,"2035":11.4919,"2040":10.9121,"2045":9.68,"2050":8.6152,"2055":0.0,"2060":0.0,"2065":0.0,"2070":0.0}},"geometry":{"type":"Polygon","coordinates":[[[141.8625,39.7],[141.8625,39.70416666666667],[141.86875,39.70416666666667],[141.86875,39.7],[141.8625,39.7]]]}},{"type":"Feature","id":"594147042","properties":{"meshId":"594147042","cityCode":"03202","population":{"2020":45.2759,"2025":41.6537,"2030":36.0255,"2035":31.2336,"2040":27.4112,"2045":24.3092,"2050":21.6789,"2055":19.2703,"2060":16.6328,"2065":13.9862,"2070":11.576}},"geometry":{"type":"Polygon","coordinates":[[[141.93125,39.66666666666667],[141.93125,39.67083333333334],[141.9375,39.67083333333334],[141.9375,39.66666666666667],[141.93125,39.66666666666667]]]}},{"type":"Feature","id":"594147052","properties":{"meshId":"594147052","cityCode":"03202","population":{"2020":11.0621,"2025":9.9809,"2030":8.8491,"2035":7.8831,"2040":6.7651,"2045":6.091,"2050":5.3246,"2055":4.5362,"2060":0.0,"2065":0.0,"2070":0.0}},"geometry":{"type":"Polygon","coordinates":[[[141.94375,39.66666666666667],[141.94375,39.67083333333334],[141.95,39.67083333333334],[141.95,39.66666666666667],[141.94375,39.66666666666667]]]}},{"type":"Feature","id":"594147054","properties":{"meshId":"594147054","cityCode":"03202","population":{"2020":7.0303,"2025":5.2435,"2030":4.4158,"2035":4.0562,"2040":3.6483,"2045":3.2155,"2050":2.9742,"2055":2.6428,"2060":0.0,"2065":0.0,"2070":0.0}},"geometry":{"type":"Polygon","coordinates":[[[141.94375,39.67083333333334],[141.94375,39.675],[141.95,39.675],[141.95,39.67083333333334],[141.94375,39.67083333333334]]]}},{"type":"Feature","id":"594147061","properties":{"meshId":"594147061","cityCode":"03202","population":{"2020":100.7148,"2025":94.8031,"2030":87.2683,"2035":77.5696,"2040":67.9341,"2045":60.5491,"2050":54.0203,"2055":48.2475,"2060":42.8905,"2065":37.8959,"2070":33.3183}},"geometry":{"type":"Polygon","coordinates":[[[141.95,39.66666666666667],[141.95,39.67083333333334],[141.95625,39.67083333333334],[141.95625,39.66666666666667],[141.95,39.66666666666667]]]}},{"type":"Feature","id":"594147062","properties":{"meshId":"594147062","cityCode":"03202","population":{"2020":908.8102,"2025":821.6188,"2030":747.6781,"2035":681.7558,"2040":618.9979,"2045":555.0135,"2050":491.8526,"2055":431.4013,"2060":374.7114,"2065":325.2614,"2070":281.011}},"geometry":{"type":"Polygon","coordinates":[[[141.95625,39.66666666666667],[141.95625,39.67083333333334],[141.9625,39.67083333333334],[141.9625,39.66666666666667],[141.95625,39.66666666666667]]]}},{"type":"Feature","id":"594147064","properties":{"meshId":"594147064","cityCode":"03202","population":{"2020":268.7343,"2025":250.3296,"2030":226.8648,"2035":203.9083,"2040":183.0731,"2045":161.5695,"2050":141.8194,"2055":122.8911,"2060":104.8949,"2065":88.5358,"2070":74.8295}},"geometry":{"type":"Polygon","coordinates":[[[141.95625,39.67083333333334],[141.95625,39.675],[141.9625,39.675],[141.9625,39.67083333333334],[141.95625,39.67083333333334]]]}},{"type":"Feature","id":"594147071","properties":{"meshId":"594147071","cityCode":"03202","population":{"2020":19.0697,"2025":16.4733,"2030":13.546,"2035":11.687,"2040":10.042,"2045":8.6834,"2050":7.4843,"2055":6.4009,"2060":5.4949,"2065":4.9195,"2070":4.3169}},"geometry":{"type":"Polygon","coordinates":[[[141.9625,39.66666666666667],[141.9625,39.67083333333334],[141.96875,39.67083333333334],[141.96875,39.66666666666667],[141.9625,39.66666666666667]]]}},{"type":"Feature","id":"594147073","properties":{"meshId":"594147073","cityCode":"03202","population":{"2020":149.0403,"2025":138.6978,"2030":128.7346,"2035":118.653,"2040":107.8646,"2045":95.5091,"2050":83.4829,"2055":72.465,"2060":63.1209,"2065":55.075,"2070":47.5465}},"geometry":{"type":"Polygon","coordinates":[[[141.9625,39.67083333333334],[141.9625,39.675],[141.96875,39.675],[141.96875,39.67083333333334],[141.9625,39.67083333333334]]]}},{"type":"Feature","id":"594147074","properties":{"meshId":"594147074","cityCode":"03202","population":{"2020":87.5992,"2025":82.9172,"2030":77.8072,"2035":72.9908,"2040":66.9015,"2045":61.0056,"2050":55.2495,"2055":50.2297,"2060":44.8607,"2065":39.5155,"2070":33.7347}},"geometry":{"type":"Polygon","coordinates":[[[141.96875,39.67083333333334],[141.96875,39.675],[141.975,39.675],[141.975,39.67083333333334],[141.96875,39.67083333333334]]]}},{"type":"Feature","id":"594147083","properties":{"meshId":"594147083","cityCode":"03202","population":{"2020":44.2556,"2025":42.7975,"2030":39.7131,"2035":37.4885,"2040":35.4477,"2045":32.9024,"2050":30.7274,"2055":28.3096,"2060":26.1797,"2065":24.2117,"2070":22.2134}},"geometry":{"type":"Polygon","coordinates":[[[141.975,39.67083333333334],[141.975,39.675],[141.98125,39.675],[141.98125,39.67083333333334],[141.975,39.67083333333334]]]}},{"type":"Feature","id":"594147134","properties":{"meshId":"594147134","cityCode":"03202","population":{"2020":9.0422,"2025":8.6922,"2030":7.9163,"2035":6.986,"2040":5.8926,"2045":4.9104,"2050":0.0,"2055":0.0,"2060":0.0,"2065":0.0,"2070":0.0}},"geometry":{"type":"Polygon","coordinates":[[[141.91875,39.679166666666674],[141.91875,39.683333333333344],[141.925,39.683333333333344],[141.925,39.679166666666674],[141.91875,39.679166666666674]]]}},{"type":"Feature","id":"594147161","properties":{"meshId":"594147161","cityCode":"03202","population":{"2020":2.0271,"2025":1.9766,"2030":1.8671,"2035":1.734,"2040":1.5474,"2045":1.2859,"2050":0.9937,"2055":0.7094,"2060":0.4887,"2065":0.2726,"2070":0.0894}},"geometry":{"type":"Polygon","coordinates":[[[141.95,39.675],[141.95,39.679166666666674],[141.95625,39.679166666666674],[141.95625,39.675],[141.95,39.675]]]}},{"type":"Feature","id":"594147162","properties":{"meshId":"594147162","cityCode":"03202","population":{"2020":324.0004,"2025":294.4779,"2030":263.8752,"2035":236.6721,"2040":210.0311,"2045":185.3798,"2050":163.8145,"2055":144.6379,"2060":127.268,"2065":111.4209,"2070":97.9476}},"geometry":{"type":"Polygon","coordinates":[[[141.95625,39.675],[141.95625,39.679166666666674],[141.9625,39.679166666666674],[141.9625,39.675],[141.95625,39.675]]]}},{"type":"Feature","id":"594147163","properties":{"meshId":"594147163","cityCode":"03202","population":{"2020":1.0205,"2025":1.234,"2030":1.2195,"2035":1.2376,"2040":1.2304,"2045":1.2304,"2050":1.234,"2055":1.2135,"2060":1.1821,"2065":1.1327,"2070":1.0555}},"geometry":{"type":"Polygon","coordinates":[[[141.95,39.679166666666674],[141.95,39.683333333333344],[141.95625,39.683333333333344],[141.95625,39.679166666666674],[141.95,39.679166666666674]]]}},{"type":"Feature","id":"594147164","properties":{"meshId":"594147164","cityCode":"03202","population":{"2020":154.9478,"2025":145.4847,"2030":134.4279,"2035":124.2886,"2040":115.2272,"2045":105.4291,"2050":95.2336,"2055":85.7001,"2060":76.2389,"2065":67.3283,"2070":58.6353}},"geometry":{"type":"Polygon","coordinates":[[[141.95625,39.679166666666674],[141.95625,39.683333333333344],[141.9625,39.683333333333344],[141.9625,39.679166666666674],[141.95625,39.679166666666674]]]}},{"type":"Feature","id":"594147171","properties":{"meshId":"594147171","cityCode":"03202","population":{"2020":124.7459,"2025":117.4107,"2030":108.7198,"2035":99.5092,"2040":89.9628,"2045":81.9719,"2050":74.3878,"2055":67.2829,"2060":60.2574,"2065":53.5859,"2070":48.1062}},"geometry":{"type":"Polygon","coordinates":[[[141.9625,39.675],[141.9625,39.679166666666674],[141.96875,39.679166666666674],[141.96875,39.675],[141.9625,39.675]]]}},{"type":"Feature","id":"594147172","properties":{"meshId":"594147172","cityCode":"03202","population":{"2020":95.6137,"2025":91.4146,"2030":85.5611,"2035":78.5978,"2040":71.0954,"2045":65.8351,"2050":59.9983,"2055":54.9503,"2060":49.3449,"2065":43.7607,"2070":38.6468}},"geometry":{"type":"Polygon","coordinates":[[[141.96875,39.675],[141.96875,39.679166666666674],[141.975,39.679166666666674],[141.975,39.675],[141.96875,39.675]]]}},{"type":"Feature","id":"594147173","properties":{"meshId":"594147173","cityCode":"03202","population":{"2020":234.494,"2025":226.9014,"2030":216.8417,"2035":205.3616,"2040":193.531,"2045":181.4414,"2050":166.1796,"2055":151.1939,"2060":136.8531,"2065":123.0264,"2070":109.5392}},"geometry":{"type":"Polygon","coordinates":[[[141.9625,39.679166666666674],[141.9625,39.683333333333344],[141.96875,39.683333333333344],[141.96875,39.679166666666674],[141.9625,39.679166666666674]]]}},{"type":"Feature","id":"594147174","properties":{"meshId":"594147174","cityCode":"03202","population":{"2020":122.7945,"2025":113.2314,"2030":104.1895,"2035":95.6998,"2040":88.0194,"2045":80.2905,"2050":72.1596,"2055":64.499,"2060":56.9474,"2065":49.7922,"2070":43.1992}},"geometry":{"type":"Polygon","coordinates":[[[141.96875,39.679166666666674],[141.96875,39.683333333333344],[141.975,39.683333333333344],[141.975,39.679166666666674],[141.96875,39.679166666666674]]]}},{"type":"Feature","id":"594147181","properties":{"meshId":"594147181","cityCode":"03202","population":{"2020":4.0297,"2025":3.6858,"2030":3.2818,"2035":2.7262,"2040":2.0365,"2045":1.3729,"2050":1.0249,"2055":0.8711,"2060":0.7719,"2065":0.6418,"2070":0.4581}},"geometry":{"type":"Polygon","coordinates":[[[141.975,39.675],[141.975,39.679166666666674],[141.98125,39.679166666666674],[141.98125,39.675],[141.975,39.675]]]}},{"type":"Feature","id":"594147183","properties":{"meshId":"594147183","cityCode":"03202","population":{"2020":32.1778,"2025":29.1574,"2030":26.5345,"2035":24.0132,"2040":21.5304,"2045":18.868,"2050":16.5238,"2055":14.7574,"2060":13.1515,"2065":11.8788,"2070":10.8681}},"geometry":{"type":"Polygon","coordinates":[[[141.975,39.679166666666674],[141.975,39.683333333333344],[141.98125,39.683333333333344],[141.98125,39.679166666666674],[141.975,39.679166666666674]]]}},{"type":"Feature","id":"594147204","properties":{"meshId":"594147204","cityCode":"03202","population":{"2020":18.1318,"2025":17.1721,"2030":15.8429,"2035":14.3994,"2040":12.8976,"2045":11.0482,"2050":9.6531,"2055":8.701,"2060":0.0,"2065":0.0,"2070":0.0}},"geometry":{"type":"Polygon","coordinates":[[[141.88125,39.6875],[141.88125,39.69166666666668],[141.8875,39.69166666666668],[141.8875,39.6875],[141.88125,39.6875]]]}},{"type":"Feature","id":"594147213","properties":{"meshId":"594147213","cityCode":"03202","population":{"2020":2.0165,"2025":1.7613,"2030":0.0,"2035":0.0,"2040":0.0,"2045":0.0,"2050":0.0,"2055":0.0,"2060":0.0,"2065":0.0,"2070":0.0}},"geometry":{"type":"Polygon","coordinates":[[[141.8875,39.6875],[141.8875,39.69166666666668],[141.89375,39.69166666666668],[141.89375,39.6875],[141.8875,39.6875]]]}},{"type":"Feature","id":"594147214","properties":{"meshId":"594147214","cityCode":"03202","population":{"2020":1.0047,"2025":0.9245,"2030":0.0,"2035":0.0,"2040":0.0,"2045":0.0,"2050":0.0,"2055":0.0,"2060":0.0,"2065":0.0,"2070":0.0}},"geometry":{"type":"Polygon","coordinates":[[[141.89375,39.6875],[141.89375,39.69166666666668],[141.9,39.69166666666668],[141.9,39.6875],[141.89375,39.6875]]]}},{"type":"Feature","id":"594147232","properties":{"meshId":"594147232","cityCode":"03202","population":{"2020":29.169,"2025":26.1462,"2030":22.5165,"2035":18.6411,"2040":15.4671,"2045":12.4338,"2050":10.32,"2055":8.9557,"2060":7.7868,"2065":0.0,"2070":0.0}},"geometry":{"type":"Polygon","coordinates":[[[141.91875,39.68333333333334],[141.91875,39.6875],[141.925,39.6875],[141.925,39.68333333333334],[141.91875,39.68333333333334]]]}},{"type":"Feature","id":"594147241","properties":{"meshId":"594147241","cityCode":"03202","population":{"2020":19.0624,"2025":14.4118,"2030":11.1901,"2035":8.707,"2040":6.436,"2045":4.1983,"2050":2.7635,"2055":2.0073,"2060":0.0,"2065":0.0,"2070":0.0}},"geometry":{"type":"Polygon","coordinates":[[[141.925,39.68333333333334],[141.925,39.6875],[141.93125,39.6875],[141.93125,39.68333333333334],[141.925,39.68333333333334]]]}},{"type":"Feature","id":"594147243","properties":{"meshId":"594147243","cityCode":"03202","population":{"2020":1.0013,"2025":0.4619,"2030":0.1193,"2035":0.0319,"2040":0.0089,"2045":0.0026,"2050":0.0008,"2055":0.0002,"2060":0.0,"2065":0.0,"2070":0.0}},"geometry":{"type":"Polygon","coordinates":[[[141.925,39.6875],[141.925,39.69166666666668],[141.93125,39.69166666666668],[141.93125,39.6875],[141.925,39.6875]]]}},{"type":"Feature","id":"594147251","properties":{"meshId":"594147251","cityCode":"03202","population":{"2020":25.1135,"2025":23.058,"2030":20.07,"2035":17.598,"2040":15.5666,"2045":14.1927,"2050":12.8794,"2055":12.1485,"2060":11.3197,"2065":10.3469,"2070":9.1843}},"geometry":{"type":"Polygon","coordinates":[[[141.9375,39.68333333333334],[141.9375,39.6875],[141.94375,39.6875],[141.94375,39.68333333333334],[141.9375,39.68333333333334]]]}},{"type":"Feature","id":"594147261","properties":{"meshId":"594147261","cityCode":"03202","population":{"2020":4.013,"2025":4.1568,"2030":4.0631,"2035":3.8275,"2040":3.5503,"2045":3.51,"2050":3.424,"2055":3.1888,"2060":3.0307,"2065":2.7649,"2070":2.4214}},"geometry":{"type":"Polygon","coordinates":[[[141.95,39.68333333333334],[141.95,39.6875],[141.95625,39.6875],[141.95625,39.68333333333334],[141.95,39.68333333333334]]]}},{"type":"Feature","id":"594147262","properties":{"meshId":"594147262","cityCode":"03202","population":{"2020":11.0791,"2025":9.6207,"2030":8.2596,"2035":6.7379,"2040":5.2247,"2045":3.8473,"2050":2.6006,"2055":1.7138,"2060":1.0773,"2065":0.6266,"2070":0.3283}},"geometry":{"type":"Polygon","coordinates":[[[141.95625,39.68333333333334],[141.95625,39.6875],[141.9625,39.6875],[141.9625,39.68333333333334],[141.95625,39.68333333333334]]]}},{"type":"Feature","id":"594147264","properties":{"meshId":"594147264","cityCode":"03202","population":{"2020":34.2582,"2025":32.3871,"2030":29.1509,"2035":25.5637,"2040":22.0809,"2045":18.9059,"2050":16.819,"2055":15.2513,"2060":13.7532,"2065":12.0479,"2070":10.2359}},"geometry":{"type":"Polygon","coordinates":[[[141.95625,39.6875],[141.95625,39.69166666666668],[141.9625,39.69166666666668],[141.9625,39.6875],[141.95625,39.6875]]]}},{"type":"Feature","id":"594147272","properties":{"meshId":"594147272","cityCode":"03202","population":{"2020":43.2398,"2025":40.7931,"2030":37.6409,"2035":34.0893,"2040":31.2862,"2045":28.9894,"2050":26.4434,"2055":23.9429,"2060":21.6755,"2065":19.6186,"2070":17.6138}},"geometry":{"type":"Polygon","coordinates":[[[141.96875,39.68333333333334],[141.96875,39.6875],[141.975,39.6875],[141.975,39.68333333333334],[141.96875,39.68333333333334]]]}},{"type":"Feature","id":"594147281","properties":{"meshId":"594147281","cityCode":"03202","population":{"2020":25.1444,"2025":20.9479,"2030":19.1465,"2035":17.9082,"2040":16.5971,"2045":14.9305,"2050":12.8776,"2055":10.5735,"2060":8.8097,"2065":7.2618,"2070":6.0218}},"geometry":{"type":"Polygon","coordinates":[[[141.975,39.68333333333334],[141.975,39.6875],[141.98125,39.6875],[141.98125,39.68333333333334],[141.975,39.68333333333334]]]}},{"type":"Feature","id":"594147282","properties":{"meshId":"594147282","cityCode":"03202","population":{"2020":4.0251,"2025":4.1737,"2030":4.1649,"2035":3.9687,"2040":3.6091,"2045":2.9617,"2050":2.581,"2055":2.2806,"2060":2.0036,"2065":1.95,"2070":1.919}},"geometry":{"type":"Polygon","coordinates":[[[141.98125,39.68333333333334],[141.98125,39.6875],[141.9875,39.6875],[141.9875,39.68333333333334],[141.98125,39.68333333333334]]]}},{"type":"Feature","id":"594147303","properties":{"meshId":"594147303","cityCode":"03202","population":{"2020":23.1256,"2025":20.9987,"2030":19.0665,"2035":18.4274,"2040":17.0938,"2045":15.5045,"2050":13.6874,"2055":12.1666,"2060":10.9135,"2065":9.8739,"2070":8.877}},"geometry":{"type":"Polygon","coordinates":[[[141.875,39.69583333333334],[141.875,39.7],[141.88125,39.7],[141.88125,39.69583333333334],[141.875,39.69583333333334]]]}},{"type":"Feature","id":"594147311","properties":{"meshId":"594147311","cityCode":"03202","population":{"2020":4.0226,"2025":3.5766,"2030":3.0229,"2035":2.3511,"2040":1.5837,"2045":0.0,"2050":0.0,"2055":0.0,"2060":0.0,"2065":0.0,"2070":0.0}},"geometry":{"type":"Polygon","coordinates":[[[141.8875,39.69166666666667],[141.8875,39.69583333333334],[141.89375,39.69583333333334],[141.89375,39.69166666666667],[141.8875,39.69166666666667]]]}},{"type":"Feature","id":"594147313","properties":{"meshId":"594147313","cityCode":"03202","population":{"2020":4.0376,"2025":3.5752,"2030":3.1211,"2035":2.8658,"2040":2.6659,"2045":0.0,"2050":0.0,"2055":0.0,"2060":0.0,"2065":0.0,"2070":0.0}},"geometry":{"type":"Polygon","coordinates":[[[141.8875,39.69583333333334],[141.8875,39.7],[141.89375,39.7],[141.89375,39.69583333333334],[141.8875,39.69583333333334]]]}},{"type":"Feature","id":"594147334","properties":{"meshId":"594147334","cityCode":"03202","population":{"2020":2.0189,"2025":1.8817,"2030":0.0,"2035":0.0,"2040":0.0,"2045":0.0,"2050":0.0,"2055":0.0,"2060":0.0,"2065":0.0,"2070":0.0}},"geometry":{"type":"Polygon","coordinates":[[[141.91875,39.69583333333334],[141.91875,39.7],[141.925,39.7],[141.925,39.69583333333334],[141.91875,39.69583333333334]]]}},{"type":"Feature","id":"594147354","properties":{"meshId":"594147354","cityCode":"03202","population":{"2020":15.1413,"2025":13.3432,"2030":14.4057,"2035":15.5665,"2040":16.3912,"2045":16.6215,"2050":16.4676,"2055":16.1515,"2060":15.8233,"2065":15.5164,"2070":15.1334}},"geometry":{"type":"Polygon","coordinates":[[[141.94375,39.69583333333334],[141.94375,39.7],[141.95,39.7],[141.95,39.69583333333334],[141.94375,39.69583333333334]]]}},{"type":"Feature","id":"594147361","properties":{"meshId":"594147361","cityCode":"03202","population":{"2020":15.0877,"2025":14.6545,"2030":13.8084,"2035":12.6879,"2040":12.3674,"2045":12.3024,"2050":12.1184,"2055":11.7818,"2060":11.191,"2065":10.367,"2070":9.3562}},"geometry":{"type":"Polygon","coordinates":[[[141.95,39.69166666666667],[141.95,39.69583333333334],[141.95625,39.69583333333334],[141.95625,39.69166666666667],[141.95,39.69166666666667]]]}},{"type":"Feature","id":"594147362","properties":{"meshId":"594147362","cityCode":"03202","population":{"2020":34.3294,"2025":35.2985,"2030":35.0734,"2035":33.5689,"2040":31.4833,"2045":29.3939,"2050":27.6936,"2055":26.0608,"2060":24.1381,"2065":21.8078,"2070":19.3282}},"geometry":{"type":"Polygon","coordinates":[[[141.95625,39.69166666666667],[141.95625,39.69583333333334],[141.9625,39.69583333333334],[141.9625,39.69166666666667],[141.95625,39.69166666666667]]]}},{"type":"Feature","id":"594147363","properties":{"meshId":"594147363","cityCode":"03202","population":{"2020":119.0889,"2025":116.1232,"2030":111.2803,"2035":103.7192,"2040":94.0577,"2045":82.4268,"2050":70.1227,"2055":57.514,"2060":45.9663,"2065":34.9864,"2070":25.7648}},"geometry":{"type":"Polygon","coordinates":[[[141.95,39.69583333333334],[141.95,39.7],[141.95625,39.7],[141.95625,39.69583333333334],[141.95,39.69583333333334]]]}},{"type":"Feature","id":"594147401","properties":{"meshId":"594147401","cityCode":"03202","population":{"2020":12.0671,"2025":9.7043,"2030":7.9852,"2035":6.7922,"2040":5.8526,"2045":4.8307,"2050":3.7886,"2055":3.0037,"2060":2.4995,"2065":2.2297,"2070":2.0174}},"geometry":{"type":"Polygon","coordinates":[[[141.875,39.7],[141.875,39.70416666666667],[141.88125,39.70416666666667],[141.88125,39.7],[141.875,39.7]]]}},{"type":"Feature","id":"594147403","properties":{"meshId":"594147403","cityCode":"03202","population":{"2020":4.0209,"2025":3.7904,"2030":3.4871,"2035":3.0897,"2040":2.5344,"2045":1.9066,"2050":1.3044,"2055":1.0146,"2060":0.8464,"2065":0.699,"2070":0.5124}},"geometry":{"type":"Polygon","coordinates":[[[141.875,39.70416666666667],[141.875,39.70833333333334],[141.88125,39.70833333333334],[141.88125,39.70416666666667],[141.875,39.70416666666667]]]}},{"type":"Feature","id":"594147404","properties":{"meshId":"594147404","cityCode":"03202","population":{"2020":40.3013,"2025":36.5602,"2030":33.3719,"2035":29.8732,"2040":26.2971,"2045":23.2136,"2050":19.8728,"2055":17.0278,"2060":14.8221,"2065":13.1111,"2070":11.7172}},"geometry":{"type":"Polygon","coordinates":[[[141.88125,39.70416666666667],[141.88125,39.70833333333334],[141.8875,39.70833333333334],[141.8875,39.70416666666667],[141.88125,39.70416666666667]]]}},{"type":"Feature","id":"594147412","properties":{"meshId":"594147412","cityCode":"03202","population":{"2020":11.0814,"2025":10.12,"2030":8.8651,"2035":7.4275,"2040":6.0772,"2045":4.8418,"2050":3.6713,"2055":2.7096,"2060":1.8293,"2065":0.0,"2070":0.0}},"geometry":{"type":"Polygon","coordinates":[[[141.89375,39.7],[141.89375,39.70416666666667],[141.9,39.70416666666667],[141.9,39.7],[141.89375,39.7]]]}},{"type":"Feature","id":"594147413","properties":{"meshId":"594147413","cityCode":"03202","population":{"2020":6.0284,"2025":4.3816,"2030":3.0842,"2035":2.0262,"2040":1.3031,"2045":0.9024,"2050":0.6778,"2055":0.4701,"2060":0.2601,"2065":0.0,"2070":0.0}},"geometry":{"type":"Polygon","coordinates":[[[141.8875,39.70416666666667],[141.8875,39.70833333333334],[141.89375,39.70833333333334],[141.89375,39.70416666666667],[141.8875,39.70416666666667]]]}},{"type":"Feature","id":"594147414","properties":{"meshId":"594147414","cityCode":"03202","population":{"2020":14.078,"2025":12.2903,"2030":11.116,"2035":10.0692,"2040":8.9929,"2045":7.6771,"2050":6.6092,"2055":5.7638,"2060":4.997,"2065":0.0,"2070":0.0}},"geometry":{"type":"Polygon","coordinates":[[[141.89375,39.70416666666667],[141.89375,39.70833333333334],[141.9,39.70833333333334],[141.9,39.70416666666667],[141.89375,39.70416666666667]]]}},{"type":"Feature","id":"594147421","properties":{"meshId":"594147421","cityCode":"03202","population":{"2020":7.0392,"2025":5.7849,"2030":4.8264,"2035":3.8309,"2040":2.8212,"2045":1.7363,"2050":0.8218,"2055":0.3122,"2060":0.1215,"2065":0.0501,"2070":0.0}},"geometry":{"type":"Polygon","coordinates":[[[141.9,39.7],[141.9,39.70416666666667],[141.90625,39.70416666666667],[141.90625,39.7],[141.9,39.7]]]}},{"type":"Feature","id":"594147423","properties":{"meshId":"594147423","cityCode":"03202","population":{"2020":12.0603,"2025":10.4564,"2030":9.1208,"2035":7.9402,"2040":7.1878,"2045":6.6716,"2050":6.1036,"2055":5.3709,"2060":4.6603,"2065":4.0773,"2070":0.0}},"geometry":{"type":"Polygon","coordinates":[[[141.9,39.70416666666667],[141.9,39.70833333333334],[141.90625,39.70833333333334],[141.90625,39.70416666666667],[141.9,39.70416666666667]]]}},{"type":"Feature","id":"594147424","properties":{"meshId":"594147424","cityCode":"03202","population":{"2020":20.1025,"2025":16.6019,"2030":13.9365,"2035":11.7003,"2040":9.6837,"2045":7.5887,"2050":5.6183,"2055":4.3543,"2060":3.5047,"2065":2.8082,"2070":0.0}},"geometry":{"type":"Polygon","coordinates":[[[141.90625,39.70416666666667],[141.90625,39.70833333333334],[141.9125,39.70833333333334],[141.9125,39.70416666666667],[141.90625,39.70416666666667]]]}},{"type":"Feature","id":"594147462","properties":{"meshId":"594147462","cityCode":"03202","population":{"2020":16.1181,"2025":15.0955,"2030":13.5302,"2035":12.0394,"2040":10.8314,"2045":9.0959,"2050":7.1012,"2055":5.0367,"2060":3.7368,"2065":3.2901,"2070":3.0552}},"geometry":{"type":"Polygon","coordinates":[[[141.95625,39.7],[141.95625,39.70416666666667],[141.9625,39.70416666666667],[141.9625,39.7],[141.95625,39.7]]]}},{"type":"Feature","id":"594147464","properties":{"meshId":"594147464","cityCode":"03202","population":{"2020":1.002,"2025":0.6011,"2030":0.2205,"2035":0.0828,"2040":0.0324,"2045":0.0133,"2050":0.0053,"2055":0.0021,"2060":0.0008,"2065":0.0004,"2070":0.0002}},"geometry":{"type":"Polygon","coordinates":[[[141.95625,39.70416666666667],[141.95625,39.70833333333334],[141.9625,39.70833333333334],[141.9625,39.70416666666667],[141.95625,39.70416666666667]]]}},{"type":"Feature","id":"594147502","properties":{"meshId":"594147502","cityCode":"03202","population":{"2020":3.0166,"2025":2.6686,"2030":2.2116,"2035":0.0,"2040":0.0,"2045":0.0,"2050":0.0,"2055":0.0,"2060":0.0,"2065":0.0,"2070":0.0}},"geometry":{"type":"Polygon","coordinates":[[[141.88125,39.708333333333336],[141.88125,39.7125],[141.8875,39.7125],[141.8875,39.708333333333336],[141.88125,39.708333333333336]]]}},{"type":"Feature","id":"594147503","properties":{"meshId":"594147503","cityCode":"03202","population":{"2020":1.0093,"2025":0.9547,"2030":0.8689,"2035":0.0,"2040":0.0,"2045":0.0,"2050":0.0,"2055":0.0,"2060":0.0,"2065":0.0,"2070":0.0}},"geometry":{"type":"Polygon","coordinates":[[[141.875,39.7125],[141.875,39.716666666666676],[141.88125,39.716666666666676],[141.88125,39.7125],[141.875,39.7125]]]}},{"type":"Feature","id":"594147531","properties":{"meshId":"594147531","cityCode":"03202","population":{"2020":6.0286,"2025":5.0959,"2030":4.5243,"2035":3.9707,"2040":0.0,"2045":0.0,"2050":0.0,"2055":0.0,"2060":0.0,"2065":0.0,"2070":0.0}},"geometry":{"type":"Polygon","coordinates":[[[141.9125,39.708333333333336],[141.9125,39.7125],[141.91875,39.7125],[141.91875,39.708333333333336],[141.9125,39.708333333333336]]]}},{"type":"Feature","id":"594147542","properties":{"meshId":"594147542","cityCode":"03202","population":{"2020":32.142,"2025":27.4274,"2030":22.9936,"2035":18.8354,"2040":15.752,"2045":13.0523,"2050":10.67,"2055":9.0367,"2060":8.2485,"2065":7.5236,"2070":6.6289}},"geometry":{"type":"Polygon","coordinates":[[[141.93125,39.708333333333336],[141.93125,39.7125],[141.9375,39.7125],[141.9375,39.708333333333336],[141.93125,39.708333333333336]]]}},{"type":"Feature","id":"594147544","properties":{"meshId":"594147544","cityCode":"03202","population":{"2020":7.0541,"2025":6.8694,"2030":6.5558,"2035":5.95,"2040":5.046,"2045":4.4761,"2050":4.0559,"2055":3.7672,"2060":3.7004,"2065":3.5388,"2070":3.3705}},"geometry":{"type":"Polygon","coordinates":[[[141.93125,39.7125],[141.93125,39.716666666666676],[141.9375,39.716666666666676],[141.9375,39.7125],[141.93125,39.7125]]]}},{"type":"Feature","id":"594147571","properties":{"meshId":"594147571","cityCode":"03202","population":{"2020":106.6766,"2025":95.0778,"2030":85.1786,"2035":75.3838,"2040":66.8811,"2045":58.8697,"2050":50.9023,"2055":43.636,"2060":36.5571,"2065":31.1254,"2070":27.566}},"geometry":{"type":"Polygon","coordinates":[[[141.9625,39.708333333333336],[141.9625,39.7125],[141.96875,39.7125],[141.96875,39.708333333333336],[141.9625,39.708333333333336]]]}},{"type":"Feature","id":"594147572","properties":{"meshId":"594147572","cityCode":"03202","population":{"2020":139.884,"2025":126.403,"2030":114.7144,"2035":103.6255,"2040":93.2694,"2045":81.6743,"2050":70.5026,"2055":60.5574,"2060":52.2254,"2065":45.492,"2070":40.0943}},"geometry":{"type":"Polygon","coordinates":[[[141.96875,39.708333333333336],[141.96875,39.7125],[141.975,39.7125],[141.975,39.708333333333336],[141.96875,39.708333333333336]]]}},{"type":"Feature","id":"594147574","properties":{"meshId":"594147574","cityCode":"03202","population":{"2020":1.0178,"2025":1.0218,"2030":0.9983,"2035":0.9655,"2040":0.9153,"2045":0.8433,"2050":0.7561,"2055":0.6366,"2060":0.466,"2065":0.2654,"2070":0.087}},"geometry":{"type":"Polygon","coordinates":[[[141.96875,39.7125],[141.96875,39.716666666666676],[141.975,39.716666666666676],[141.975,39.7125],[141.96875,39.7125]]]}},{"type":"Feature","id":"594147581","properties":{"meshId":"594147581","cityCode":"03202","population":{"2020":50.3946,"2025":45.2668,"2030":41.6509,"2035":38.5777,"2040":34.7798,"2045":31.1364,"2050":27.3475,"2055":23.9786,"2060":20.6136,"2065":17.4102,"2070":14.3911}},"geometry":{"type":"Polygon","coordinates":[[[141.975,39.708333333333336],[141.975,39.7125],[141.98125,39.7125],[141.98125,39.708333333333336],[141.975,39.708333333333336]]]}},{"type":"Feature","id":"594147624","properties":{"meshId":"594147624","cityCode":"03202","population":{"2020":3.0225,"2025":2.5888,"2030":0.0,"2035":0.0,"2040":0.0,"2045":0.0,"2050":0.0,"2055":0.0,"2060":0.0,"2065":0.0,"2070":0.0}},"geometry":{"type":"Polygon","coordinates":[[[141.90625,39.72083333333334],[141.90625,39.725],[141.9125,39.725],[141.9125,39.72083333333334],[141.90625,39.72083333333334]]]}},{"type":"Feature","id":"594147641","properties":{"meshId":"594147641","cityCode":"03202","population":{"2020":26.1682,"2025":22.8514,"2030":19.9083,"2035":16.7877,"2040":13.4864,"2045":10.1583,"2050":7.2156,"2055":5.1633,"2060":3.7064,"2065":0.0,"2070":0.0}},"geometry":{"type":"Polygon","coordinates":[[[141.925,39.71666666666667],[141.925,39.72083333333334],[141.93125,39.72083333333334],[141.93125,39.71666666666667],[141.925,39.71666666666667]]]}},{"type":"Feature","id":"594147643","properties":{"meshId":"594147643","cityCode":"03202","population":{"2020":3.0239,"2025":2.2362,"2030":1.8483,"2035":1.5419,"2040":1.2177,"2045":0.8642,"2050":0.5171,"2055":0.2675,"2060":0.0839,"2065":0.0,"2070":0.0}},"geometry":{"type":"Polygon","coordinates":[[[141.925,39.72083333333334],[141.925,39.725],[141.93125,39.725],[141.93125,39.72083333333334],[141.925,39.72083333333334]]]}},{"type":"Feature","id":"594147651","properties":{"meshId":"594147651","cityCode":"03202","population":{"2020":7.0351,"2025":5.3342,"2030":3.7362,"2035":2.6562,"2040":0.0,"2045":0.0,"2050":0.0,"2055":0.0,"2060":0.0,"2065":0.0,"2070":0.0}},"geometry":{"type":"Polygon","coordinates":[[[141.9375,39.71666666666667],[141.9375,39.72083333333334],[141.94375,39.72083333333334],[141.94375,39.71666666666667],[141.9375,39.71666666666667]]]}},{"type":"Feature","id":"594147711","properties":{"meshId":"594147711","cityCode":"03202","population":{"2020":2.0054,"2025":1.5273,"2030":0.998,"2035":0.5196,"2040":0.194,"2045":0.0,"2050":0.0,"2055":0.0,"2060":0.0,"2065":0.0,"2070":0.0}},"geometry":{"type":"Polygon","coordinates":[[[141.8875,39.725],[141.8875,39.72916666666667],[141.89375,39.72916666666667],[141.89375,39.725],[141.8875,39.725]]]}},{"type":"Feature","id":"594147712","properties":{"meshId":"594147712","cityCode":"03202","population":{"2020":5.0339,"2025":4.5184,"2030":3.8227,"2035":2.9799,"2040":2.0843,"2045":0.0,"2050":0.0,"2055":0.0,"2060":0.0,"2065":0.0,"2070":0.0}},"geometry":{"type":"Polygon","coordinates":[[[141.89375,39.725],[141.89375,39.72916666666667],[141.9,39.72916666666667],[141.9,39.725],[141.89375,39.725]]]}},{"type":"Feature","id":"594147723","properties":{"meshId":"594147723","cityCode":"03202","population":{"2020":9.0617,"2025":8.0224,"2030":7.2097,"2035":6.8807,"2040":6.4772,"2045":6.2126,"2050":5.7974,"2055":5.2926,"2060":4.8505,"2065":4.3872,"2070":3.9149}},"geometry":{"type":"Polygon","coordinates":[[[141.9,39.72916666666667],[141.9,39.73333333333334],[141.90625,39.73333333333334],[141.90625,39.72916666666667],[141.9,39.72916666666667]]]}},{"type":"Feature","id":"594147724","properties":{"meshId":"594147724","cityCode":"03202","population":{"2020":4.0227,"2025":3.0823,"2030":2.5061,"2035":1.9604,"2040":1.3433,"2045":0.7364,"2050":0.2625,"2055":0.0956,"2060":0.036,"2065":0.0143,"2070":0.0058}},"geometry":{"type":"Polygon","coordinates":[[[141.90625,39.72916666666667],[141.90625,39.73333333333334],[141.9125,39.73333333333334],[141.9125,39.72916666666667],[141.90625,39.72916666666667]]]}},{"type":"Feature","id":"594147732","properties":{"meshId":"594147732","cityCode":"03202","population":{"2020":2.0065,"2025":0.0,"2030":0.0,"2035":0.0,"2040":0.0,"2045":0.0,"2050":0.0,"2055":0.0,"2060":0.0,"2065":0.0,"2070":0.0}},"geometry":{"type":"Polygon","coordinates":[[[141.91875,39.725],[141.91875,39.72916666666667],[141.925,39.72916666666667],[141.925,39.725],[141.91875,39.725]]]}},{"type":"Feature","id":"594147741","properties":{"meshId":"594147741","cityCode":"03202","population":{"2020":26.1752,"2025":22.2932,"2030":19.1833,"2035":16.8209,"2040":14.1734,"2045":11.2404,"2050":8.4874,"2055":6.1339,"2060":4.2309,"2065":0.0,"2070":0.0}},"geometry":{"type":"Polygon","coordinates":[[[141.925,39.725],[141.925,39.72916666666667],[141.93125,39.72916666666667],[141.93125,39.725],[141.925,39.725]]]}},{"type":"Feature","id":"594147742","properties":{"meshId":"594147742","cityCode":"03202","population":{"2020":5.0323,"2025":3.7674,"2030":2.8806,"2035":2.3139,"2040":1.7595,"2045":1.1371,"2050":0.5509,"2055":0.1697,"2060":0.0533,"2065":0.0,"2070":0.0}},"geometry":{"type":"Polygon","coordinates":[[[141.93125,39.725],[141.93125,39.72916666666667],[141.9375,39.72916666666667],[141.9375,39.725],[141.93125,39.725]]]}},{"type":"Feature","id":"594147753","properties":{"meshId":"594147753","cityCode":"03202","population":{"2020":106.3321,"2025":68.005,"2030":44.2134,"2035":30.4887,"2040":22.0586,"2045":16.6112,"2050":12.7885,"2055":9.7019,"2060":6.9781,"2065":4.6623,"2070":2.9903}},"geometry":{"type":"Polygon","coordinates":[[[141.9375,39.72916666666667],[141.9375,39.73333333333334],[141.94375,39.73333333333334],[141.94375,39.72916666666667],[141.9375,39.72916666666667]]]}},{"type":"Feature","id":"594147754","properties":{"meshId":"594147754","cityCode":"03202","population":{"2020":25.1252,"2025":20.0582,"2030":18.2908,"2035":17.2588,"2040":16.321,"2045":15.0489,"2050":13.6688,"2055":12.3406,"2060":11.1158,"2065":10.1859,"2070":9.3887}},"geometry":{"type":"Polygon","coordinates":[[[141.94375,39.72916666666667],[141.94375,39.73333333333334],[141.95,39.73333333333334],[141.95,39.72916666666667],[141.94375,39.72916666666667]]]}},{"type":"Feature","id":"594147763","properties":{"meshId":"594147763","cityCode":"03202","population":{"2020":52.3213,"2025":46.2939,"2030":41.5484,"2035":37.6944,"2040":33.9885,"2045":29.8982,"2050":25.6095,"2055":21.6098,"2060":18.0228,"2065":15.0413,"2070":12.9531}},"geometry":{"type":"Polygon","coordinates":[[[141.95,39.72916666666667],[141.95,39.73333333333334],[141.95625,39.73333333333334],[141.95625,39.72916666666667],[141.95,39.72916666666667]]]}},{"type":"Feature","id":"594147764","properties":{"meshId":"594147764","cityCode":"03202","population":{"2020":127.8054,"2025":114.0943,"2030":99.6412,"2035":85.0036,"2040":72.3711,"2045":61.3425,"2050":51.6672,"2055":43.3129,"2060":35.9673,"2065":30.3439,"2070":25.9679}},"geometry":{"type":"Polygon","coordinates":[[[141.95625,39.72916666666667],[141.95625,39.73333333333334],[141.9625,39.73333333333334],[141.9625,39.72916666666667],[141.95625,39.72916666666667]]]}},{"type":"Feature","id":"594147771","properties":{"meshId":"594147771","cityCode":"03202","population":{"2020":19.1321,"2025":18.3085,"2030":17.3575,"2035":15.5893,"2040":13.5269,"2045":11.3574,"2050":9.4653,"2055":7.8597,"2060":6.8072,"2065":0.0,"2070":0.0}},"geometry":{"type":"Polygon","coordinates":[[[141.9625,39.725],[141.9625,39.72916666666667],[141.96875,39.72916666666667],[141.96875,39.725],[141.9625,39.725]]]}},{"type":"Feature","id":"594147773","properties":{"meshId":"594147773","cityCode":"03202","population":{"2020":11.0972,"2025":9.7998,"2030":8.7717,"2035":7.8904,"2040":7.2356,"2045":6.5032,"2050":5.5751,"2055":4.5694,"2060":3.2963,"2065":0.0,"2070":0.0}},"geometry":{"type":"Polygon","coordinates":[[[141.9625,39.72916666666667],[141.9625,39.73333333333334],[141.96875,39.73333333333334],[141.96875,39.72916666666667],[141.9625,39.72916666666667]]]}},{"type":"Feature","id":"594147804","properties":{"meshId":"594147804","cityCode":"03202","population":{"2020":17.1116,"2025":16.1791,"2030":14.8472,"2035":13.3682,"2040":11.3671,"2045":9.4677,"2050":7.6223,"2055":5.8254,"2060":0.0,"2065":0.0,"2070":0.0}},"geometry":{"type":"Polygon","coordinates":[[[141.88125,39.7375],[141.88125,39.74166666666668],[141.8875,39.74166666666668],[141.8875,39.7375],[141.88125,39.7375]]]}},{"type":"Feature","id":"594147811","properties":{"meshId":"594147811","cityCode":"03202","population":{"2020":9.0577,"2025":7.6414,"2030":6.9762,"2035":6.5415,"2040":6.0077,"2045":5.4723,"2050":4.9694,"2055":4.6083,"2060":4.13,"2065":3.4959,"2070":2.7208}},"geometry":{"type":"Polygon","coordinates":[[[141.8875,39.73333333333334],[141.8875,39.7375],[141.89375,39.7375],[141.89375,39.73333333333334],[141.8875,39.73333333333334]]]}},{"type":"Feature","id":"594147851","properties":{"meshId":"594147851","cityCode":"03202","population":{"2020":12.0737,"2025":11.6209,"2030":10.1593,"2035":9.2055,"2040":8.3874,"2045":7.4478,"2050":6.6935,"2055":5.9466,"2060":5.3104,"2065":4.7181,"2070":4.0312}},"geometry":{"type":"Polygon","coordinates":[[[141.9375,39.73333333333334],[141.9375,39.7375],[141.94375,39.7375],[141.94375,39.73333333333334],[141.9375,39.73333333333334]]]}},{"type":"Feature","id":"594147852","properties":{"meshId":"594147852","cityCode":"03202","population":{"2020":4.0343,"2025":3.7688,"2030":3.2501,"2035":2.9948,"2040":2.7421,"2045":2.4554,"2050":2.1139,"2055":1.7287,"2060":1.3832,"2065":1.2154,"2070":1.09}},"geometry":{"type":"Polygon","coordinates":[[[141.94375,39.73333333333334],[141.94375,39.7375],[141.95,39.7375],[141.95,39.73333333333334],[141.94375,39.73333333333334]]]}},{"type":"Feature","id":"594147871","properties":{"meshId":"594147871","cityCode":"03202","population":{"2020":196.2244,"2025":177.3498,"2030":156.0625,"2035":133.3528,"2040":113.2137,"2045":96.6071,"2050":83.1604,"2055":72.0726,"2060":62.083,"2065":53.3819,"2070":45.5867}},"geometry":{"type":"Polygon","coordinates":[[[141.9625,39.73333333333334],[141.9625,39.7375],[141.96875,39.7375],[141.96875,39.73333333333334],[141.9625,39.73333333333334]]]}},{"type":"Feature","id":"594147872","properties":{"meshId":"594147872","cityCode":"03202","population":{"2020":33.2029,"2025":30.29,"2030":26.7019,"2035":23.4641,"2040":20.4729,"2045":17.6823,"2050":15.6775,"2055":13.7866,"2060":11.9763,"2065":10.1188,"2070":8.3129}},"geometry":{"type":"Polygon","coordinates":[[[141.96875,39.73333333333334],[141.96875,39.7375],[141.975,39.7375],[141.975,39.73333333333334],[141.96875,39.73333333333334]]]}},{"type":"Feature","id":"594147873","properties":{"meshId":"594147873","cityCode":"03202","population":{"2020":34.2266,"2025":29.9237,"2030":25.8372,"2035":21.8951,"2040":18.2702,"2045":15.8472,"2050":13.6072,"2055":11.5372,"2060":9.5861,"2065":7.8315,"2070":6.2407}},"geometry":{"type":"Polygon","coordinates":[[[141.9625,39.7375],[141.9625,39.74166666666668],[141.96875,39.74166666666668],[141.96875,39.7375],[141.9625,39.7375]]]}},{"type":"Feature","id":"594147874","properties":{"meshId":"594147874","cityCode":"03202","population":{"2020":48.3955,"2025":45.9371,"2030":43.4168,"2035":39.7954,"2040":36.777,"2045":32.7807,"2050":28.7162,"2055":24.5238,"2060":20.7449,"2065":17.9313,"2070":15.6971}},"geometry":{"type":"Polygon","coordinates":[[[141.96875,39.7375],[141.96875,39.74166666666668],[141.975,39.74166666666668],[141.975,39.7375],[141.96875,39.7375]]]}},{"type":"Feature","id":"594147882","properties":{"meshId":"594147882","cityCode":"03202","population":{"2020":3.0265,"2025":2.9219,"2030":2.768,"2035":2.5888,"2040":2.3356,"2045":2.0269,"2050":1.7023,"2055":1.4163,"2060":1.0713,"2065":0.8822,"2070":0.7215}},"geometry":{"type":"Polygon","coordinates":[[[141.98125,39.73333333333334],[141.98125,39.7375],[141.9875,39.7375],[141.9875,39.73333333333334],[141.98125,39.73333333333334]]]}},{"type":"Feature","id":"594147883","properties":{"meshId":"594147883","cityCode":"03202","population":{"2020":414.7807,"2025":380.6498,"2030":344.6134,"2035":308.0869,"2040":272.0472,"2045":238.0515,"2050":206.6136,"2055":178.8272,"2060":154.6859,"2065":134.0607,"2070":116.7621}},"geometry":{"type":"Polygon","coordinates":[[[141.975,39.7375],[141.975,39.74166666666668],[141.98125,39.74166666666668],[141.98125,39.7375],[141.975,39.7375]]]}},{"type":"Feature","id":"594147884","properties":{"meshId":"594147884","cityCode":"03202","population":{"2020":93.6008,"2025":87.5987,"2030":80.7772,"2035":72.9803,"2040":66.9174,"2045":62.1009,"2050":56.8093,"2055":50.6663,"2060":44.2825,"2065":38.8461,"2070":34.2672}},"geometry":{"type":"Polygon","coordinates":[[[141.98125,39.7375],[141.98125,39.74166666666668],[141.9875,39.74166666666668],[141.9875,39.7375],[141.98125,39.7375]]]}},{"type":"Feature","id":"594147922","properties":{"meshId":"594147922","cityCode":"03202","population":{"2020":40.275,"2025":35.9778,"2030":31.5464,"2035":27.6741,"2040":23.9822,"2045":20.2679,"2050":16.7836,"2055":13.9252,"2060":11.8793,"2065":10.1727,"2070":8.7915}},"geometry":{"type":"Polygon","coordinates":[[[141.90625,39.741666666666674],[141.90625,39.745833333333344],[141.9125,39.745833333333344],[141.9125,39.741666666666674],[141.90625,39.741666666666674]]]}},{"type":"Feature","id":"594147931","properties":{"meshId":"594147931","cityCode":"03202","population":{"2020":22.1085,"2025":19.3357,"2030":17.2614,"2035":15.347,"2040":12.8822,"2045":10.2645,"2050":8.3727,"2055":7.2927,"2060":6.821,"2065":6.4307,"2070":6.1094}},"geometry":{"type":"Polygon","coordinates":[[[141.9125,39.741666666666674],[141.9125,39.745833333333344],[141.91875,39.745833333333344],[141.91875,39.741666666666674],[141.9125,39.741666666666674]]]}},{"type":"Feature","id":"594147972","properties":{"meshId":"594147972","cityCode":"03202","population":{"2020":149.9211,"2025":138.7109,"2030":125.9803,"2035":114.0088,"2040":102.8351,"2045":90.7368,"2050":80.0126,"2055":70.8358,"2060":62.7478,"2065":55.9255,"2070":49.2659}},"geometry":{"type":"Polygon","coordinates":[[[141.96875,39.741666666666674],[141.96875,39.745833333333344],[141.975,39.745833333333344],[141.975,39.741666666666674],[141.96875,39.741666666666674]]]}},{"type":"Feature","id":"594147974","properties":{"meshId":"594147974","cityCode":"03202","population":{"2020":11.0904,"2025":9.7056,"2030":8.5009,"2035":7.5299,"2040":6.4305,"2045":5.1464,"2050":3.8498,"2055":2.8269,"2060":2.2966,"2065":2.0199,"2070":1.7752}},"geometry":{"type":"Polygon","coordinates":[[[141.96875,39.745833333333344],[141.96875,39.75],[141.975,39.75],[141.975,39.745833333333344],[141.96875,39.745833333333344]]]}},{"type":"Feature","id":"594147981","properties":{"meshId":"594147981","cityCode":"03202","population":{"2020":20.1109,"2025":16.9913,"2030":13.9056,"2035":10.8632,"2040":8.4209,"2045":6.2859,"2050":4.3382,"2055":2.6964,"2060":1.5212,"2065":1.0877,"2070":0.896}},"geometry":{"type":"Polygon","coordinates":[[[141.975,39.741666666666674],[141.975,39.745833333333344],[141.98125,39.745833333333344],[141.98125,39.741666666666674],[141.975,39.741666666666674]]]}},{"type":"Feature","id":"594147982","properties":{"meshId":"594147982","cityCode":"03202","population":{"2020":38.2632,"2025":35.1163,"2030":31.5248,"2035":27.7911,"2040":24.4492,"2045":21.4363,"2050":18.8721,"2055":16.7247,"2060":14.4957,"2065":12.1005,"2070":10.1041}},"geometry":{"type":"Polygon","coordinates":[[[141.98125,39.741666666666674],[141.98125,39.745833333333344],[141.9875,39.745833333333344],[141.9875,39.741666666666674],[141.98125,39.741666666666674]]]}},{"type":"Feature","id":"594147983","properties":{"meshId":"594147983","cityCode":"03202","population":{"2020":75.3495,"2025":68.4343,"2030":60.7431,"2035":56.9636,"2040":53.9175,"2045":50.2664,"2050":46.8245,"2055":42.7308,"2060":38.9382,"2065":35.7056,"2070":32.2652}},"geometry":{"type":"Polygon","coordinates":[[[141.975,39.745833333333344],[141.975,39.75],[141.98125,39.75],[141.98125,39.745833333333344],[141.975,39.745833333333344]]]}},{"type":"Feature","id":"594157064","properties":{"meshId":"594157064","cityCode":"03202","population":{"2020":30.2182,"2025":27.5575,"2030":26.3026,"2035":24.0563,"2040":21.6267,"2045":18.8536,"2050":16.0986,"2055":14.0768,"2060":12.6124,"2065":11.5055,"2070":10.3778}},"geometry":{"type":"Polygon","coordinates":[[[141.95625,39.75416666666667],[141.95625,39.75833333333334],[141.9625,39.75833333333334],[141.9625,39.75416666666667],[141.95625,39.75416666666667]]]}},{"type":"Feature","id":"594157073","properties":{"meshId":"594157073","cityCode":"03202","population":{"2020":7.0325,"2025":5.5796,"2030":4.4416,"2035":3.5115,"2040":2.5671,"2045":0.0,"2050":0.0,"2055":0.0,"2060":0.0,"2065":0.0,"2070":0.0}},"geometry":{"type":"Polygon","coordinates":[[[141.9625,39.75416666666667],[141.9625,39.75833333333334],[141.96875,39.75833333333334],[141.96875,39.75416666666667],[141.9625,39.75416666666667]]]}},{"type":"Feature","id":"594157081","properties":{"meshId":"594157081","cityCode":"03202","population":{"2020":3.0248,"2025":2.8932,"2030":2.7156,"2035":2.474,"2040":2.1618,"2045":1.7031,"2050":1.1148,"2055":0.0,"2060":0.0,"2065":0.0,"2070":0.0}},"geometry":{"type":"Polygon","coordinates":[[[141.975,39.75],[141.975,39.75416666666667],[141.98125,39.75416666666667],[141.98125,39.75],[141.975,39.75]]]}},{"type":"Feature","id":"594157082","properties":{"meshId":"594157082","cityCode":"03202","population":{"2020":9.0692,"2025":7.8255,"2030":6.8367,"2035":5.7609,"2040":4.5379,"2045":3.2721,"2050":2.2636,"2055":0.0,"2060":0.0,"2065":0.0,"2070":0.0}},"geometry":{"type":"Polygon","coordinates":[[[141.98125,39.75],[141.98125,39.75416666666667],[141.9875,39.75416666666667],[141.9875,39.75],[141.98125,39.75]]]}},{"type":"Feature","id":"594157161","properties":{"meshId":"594157161","cityCode":"03202","population":{"2020":5.0195,"2025":4.7458,"2030":4.0808,"2035":4.0817,"2040":3.8566,"2045":3.6068,"2050":3.4428,"2055":3.1637,"2060":2.9247,"2065":2.789,"2070":2.6521}},"geometry":{"type":"Polygon","coordinates":[[[141.95,39.75833333333333],[141.95,39.7625],[141.95625,39.7625],[141.95625,39.75833333333333],[141.95,39.75833333333333]]]}},{"type":"Feature","id":"594157162","properties":{"meshId":"594157162","cityCode":"03202","population":{"2020":58.3347,"2025":52.3869,"2030":46.6364,"2035":40.0039,"2040":33.8177,"2045":28.0438,"2050":23.4638,"2055":20.0064,"2060":16.8055,"2065":13.9254,"2070":11.5912}},"geometry":{"type":"Polygon","coordinates":[[[141.95625,39.75833333333333],[141.95625,39.7625],[141.9625,39.7625],[141.9625,39.75833333333333],[141.95625,39.75833333333333]]]}},{"type":"Feature","id":"594157164","properties":{"meshId":"594157164","cityCode":"03202","population":{"2020":22.1455,"2025":20.4004,"2030":18.7999,"2035":17.2406,"2040":15.3685,"2045":13.895,"2050":12.5735,"2055":11.1933,"2060":9.9261,"2065":8.548,"2070":7.3054}},"geometry":{"type":"Polygon","coordinates":[[[141.95625,39.7625],[141.95625,39.76666666666667],[141.9625,39.76666666666667],[141.9625,39.7625],[141.95625,39.7625]]]}},{"type":"Feature","id":"594157171","properties":{"meshId":"594157171","cityCode":"03202","population":{"2020":19.1416,"2025":16.6977,"2030":15.8438,"2035":14.7016,"2040":13.303,"2045":11.7097,"2050":10.0332,"2055":8.5333,"2060":7.1015,"2065":5.7503,"2070":4.5777}},"geometry":{"type":"Polygon","coordinates":[[[141.9625,39.75833333333333],[141.9625,39.7625],[141.96875,39.7625],[141.96875,39.75833333333333],[141.9625,39.75833333333333]]]}},{"type":"Feature","id":"594157173","properties":{"meshId":"594157173","cityCode":"03202","population":{"2020":51.3166,"2025":44.8959,"2030":38.8977,"2035":33.8857,"2040":29.3033,"2045":25.3878,"2050":22.1281,"2055":19.3077,"2060":16.4963,"2065":13.6297,"2070":10.8356}},"geometry":{"type":"Polygon","coordinates":[[[141.9625,39.7625],[141.9625,39.76666666666667],[141.96875,39.76666666666667],[141.96875,39.7625],[141.9625,39.7625]]]}},{"type":"Feature","id":"594157181","properties":{"meshId":"594157181","cityCode":"03202","population":{"2020":5.0304,"2025":4.2397,"2030":3.3288,"2035":2.4699,"2040":0.0,"2045":0.0,"2050":0.0,"2055":0.0,"2060":0.0,"2065":0.0,"2070":0.0}},"geometry":{"type":"Polygon","coordinates":[[[141.975,39.75833333333333],[141.975,39.7625],[141.98125,39.7625],[141.98125,39.75833333333333],[141.975,39.75833333333333]]]}},{"type":"Feature","id":"594157281","properties":{"meshId":"594157281","cityCode":"03202","population":{"2020":13.1051,"2025":11.8112,"2030":11.1833,"2035":10.0373,"2040":8.6199,"2045":7.2668,"2050":6.0063,"2055":5.0148,"2060":4.1303,"2065":3.2468,"2070":2.6263}},"geometry":{"type":"Polygon","coordinates":[[[141.975,39.766666666666666],[141.975,39.770833333333336],[141.98125,39.770833333333336],[141.98125,39.766666666666666],[141.975,39.766666666666666]]]}},{"type":"Feature","id":"594157282","properties":{"meshId":"594157282","cityCode":"03202","population":{"2020":10.0914,"2025":9.5234,"2030":8.4739,"2035":7.3065,"2040":6.2934,"2045":5.3288,"2050":4.408,"2055":3.657,"2060":2.926,"2065":2.4097,"2070":1.8843}},"geometry":{"type":"Polygon","coordinates":[[[141.98125,39.766666666666666],[141.98125,39.770833333333336],[141.9875,39.770833333333336],[141.9875,39.766666666666666],[141.98125,39.766666666666666]]]}},{"type":"Feature","id":"594157293","properties":{"meshId":"594157293","cityCode":"03202","population":{"2020":28.1835,"2025":25.4459,"2030":22.2052,"2035":20.2201,"2040":18.4466,"2045":16.7479,"2050":15.3299,"2055":13.4722,"2060":11.5412,"2065":9.6497,"2070":8.2187}},"geometry":{"type":"Polygon","coordinates":[[[141.9875,39.770833333333336],[141.9875,39.775],[141.99375,39.775],[141.99375,39.770833333333336],[141.9875,39.770833333333336]]]}},{"type":"Feature","id":"594157362","properties":{"meshId":"594157362","cityCode":"03202","population":{"2020":11.0641,"2025":10.3589,"2030":9.1702,"2035":7.8521,"2040":7.2747,"2045":6.1757,"2050":5.1441,"2055":4.4935,"2060":4.1472,"2065":3.793,"2070":3.3466}},"geometry":{"type":"Polygon","coordinates":[[[141.95625,39.775],[141.95625,39.77916666666667],[141.9625,39.77916666666667],[141.9625,39.775],[141.95625,39.775]]]}},{"type":"Feature","id":"594157364","properties":{"meshId":"594157364","cityCode":"03202","population":{"2020":40.3322,"2025":38.9708,"2030":37.0492,"2035":34.5709,"2040":30.9598,"2045":27.0392,"2050":23.2623,"2055":19.3806,"2060":15.6872,"2065":13.0583,"2070":11.3365}},"geometry":{"type":"Polygon","coordinates":[[[141.95625,39.77916666666667],[141.95625,39.78333333333334],[141.9625,39.78333333333334],[141.9625,39.77916666666667],[141.95625,39.77916666666667]]]}},{"type":"Feature","id":"594157433","properties":{"meshId":"594157433","cityCode":"03202","population":{"2020":10.0404,"2025":7.8702,"2030":6.175,"2035":4.6225,"2040":3.1623,"2045":2.0497,"2050":1.1816,"2055":0.0,"2060":0.0,"2065":0.0,"2070":0.0}},"geometry":{"type":"Polygon","coordinates":[[[141.9125,39.7875],[141.9125,39.79166666666667],[141.91875,39.79166666666667],[141.91875,39.7875],[141.9125,39.7875]]]}},{"type":"Feature","id":"594157434","properties":{"meshId":"594157434","cityCode":"03202","population":{"2020":5.0316,"2025":4.1775,"2030":3.2266,"2035":2.4074,"2040":1.6049,"2045":0.8831,"2050":0.3869,"2055":0.0,"2060":0.0,"2065":0.0,"2070":0.0}},"geometry":{"type":"Polygon","coordinates":[[[141.91875,39.7875],[141.91875,39.79166666666667],[141.925,39.79166666666667],[141.925,39.7875],[141.91875,39.7875]]]}},{"type":"Feature","id":"594157462","properties":{"meshId":"594157462","cityCode":"03202","population":{"2020":21.1347,"2025":19.636,"2030":17.6784,"2035":16.0819,"2040":14.1924,"2045":12.0698,"2050":10.0584,"2055":8.3527,"2060":6.8747,"2065":5.4818,"2070":4.2401}},"geometry":{"type":"Polygon","coordinates":[[[141.95625,39.78333333333333],[141.95625,39.7875],[141.9625,39.7875],[141.9625,39.78333333333333],[141.95625,39.78333333333333]]]}},{"type":"Feature","id":"594157464","properties":{"meshId":"594157464","cityCode":"03202","population":{"2020":53.3675,"2025":48.682,"2030":44.6049,"2035":40.5987,"2040":36.3577,"2045":31.6149,"2050":27.0734,"2055":23.7834,"2060":20.9123,"2065":18.0682,"2070":15.4655}},"geometry":{"type":"Polygon","coordinates":[[[141.95625,39.7875],[141.95625,39.79166666666667],[141.9625,39.79166666666667],[141.9625,39.7875],[141.95625,39.7875]]]}},{"type":"Feature","id":"594157471","properties":{"meshId":"594157471","cityCode":"03202","population":{"2020":73.4495,"2025":66.8985,"2030":61.1164,"2035":56.2312,"2040":51.4698,"2045":46.6421,"2050":41.4303,"2055":36.4834,"2060":31.9515,"2065":27.6303,"2070":23.2482}},"geometry":{"type":"Polygon","coordinates":[[[141.9625,39.78333333333333],[141.9625,39.7875],[141.96875,39.7875],[141.96875,39.78333333333333],[141.9625,39.78333333333333]]]}},{"type":"Feature","id":"594157473","properties":{"meshId":"594157473","cityCode":"03202","population":{"2020":6.0425,"2025":6.0991,"2030":5.9663,"2035":5.4963,"2040":5.1434,"2045":5.016,"2050":5.0118,"2055":5.0078,"2060":5.0125,"2065":4.7871,"2070":4.4537}},"geometry":{"type":"Polygon","coordinates":[[[141.9625,39.7875],[141.9625,39.79166666666667],[141.96875,39.79166666666667],[141.96875,39.7875],[141.9625,39.7875]]]}},{"type":"Feature","id":"594157543","properties":{"meshId":"594157543","cityCode":"03202","population":{"2020":2.0106,"2025":0.0,"2030":0.0,"2035":0.0,"2040":0.0,"2045":0.0,"2050":0.0,"2055":0.0,"2060":0.0,"2065":0.0,"2070":0.0}},"geometry":{"type":"Polygon","coordinates":[[[141.925,39.795833333333334],[141.925,39.8],[141.93125,39.8],[141.93125,39.795833333333334],[141.925,39.795833333333334]]]}},{"type":"Feature","id":"594157562","properties":{"meshId":"594157562","cityCode":"03202","population":{"2020":10.0633,"2025":8.7112,"2030":8.1069,"2035":7.5037,"2040":7.3269,"2045":6.91,"2050":6.4719,"2055":6.0596,"2060":5.5579,"2065":5.3134,"2070":5.0873}},"geometry":{"type":"Polygon","coordinates":[[[141.95625,39.791666666666664],[141.95625,39.795833333333334],[141.9625,39.795833333333334],[141.9625,39.791666666666664],[141.95625,39.791666666666664]]]}},{"type":"Feature","id":"594157564","properties":{"meshId":"594157564","cityCode":"03202","population":{"2020":8.0659,"2025":6.6464,"2030":5.162,"2035":4.2201,"2040":3.5768,"2045":3.1114,"2050":2.7865,"2055":2.4874,"2060":2.2286,"2065":2.0525,"2070":1.8769}},"geometry":{"type":"Polygon","coordinates":[[[141.95625,39.795833333333334],[141.95625,39.8],[141.9625,39.8],[141.9625,39.795833333333334],[141.95625,39.795833333333334]]]}},{"type":"Feature","id":"594157654","properties":{"meshId":"594157654","cityCode":"03202","population":{"2020":9.05,"2025":7.1949,"2030":5.7079,"2035":4.4547,"2040":3.3814,"2045":0.0,"2050":0.0,"2055":0.0,"2060":0.0,"2065":0.0,"2070":0.0}},"geometry":{"type":"Polygon","coordinates":[[[141.94375,39.80416666666667],[141.94375,39.80833333333334],[141.95,39.80833333333334],[141.95,39.80416666666667],[141.94375,39.80416666666667]]]}},{"type":"Feature","id":"594157664","properties":{"meshId":"594157664","cityCode":"03202","population":{"2020":18.1153,"2025":16.1771,"2030":13.9894,"2035":12.7107,"2040":11.6972,"2045":10.3587,"2050":8.9826,"2055":7.456,"2060":0.0,"2065":0.0,"2070":0.0}},"geometry":{"type":"Polygon","coordinates":[[[141.95625,39.80416666666667],[141.95625,39.80833333333334],[141.9625,39.80833333333334],[141.9625,39.80416666666667],[141.95625,39.80416666666667]]]}},{"type":"Feature","id":"594157672","properties":{"meshId":"594157672","cityCode":"03202","population":{"2020":34.2264,"2025":30.3611,"2030":27.7079,"2035":25.6475,"2040":23.4635,"2045":20.8189,"2050":18.0693,"2055":15.708,"2060":13.9268,"2065":12.4571,"2070":11.0699}},"geometry":{"type":"Polygon","coordinates":[[[141.96875,39.8],[141.96875,39.80416666666667],[141.975,39.80416666666667],[141.975,39.8],[141.96875,39.8]]]}},{"type":"Feature","id":"594157681","properties":{"meshId":"594157681","cityCode":"03202","population":{"2020":31.1767,"2025":29.271,"2030":27.7923,"2035":25.6077,"2040":23.7171,"2045":22.8961,"2050":21.6987,"2055":20.6276,"2060":19.0746,"2065":17.5039,"2070":15.967}},"geometry":{"type":"Polygon","coordinates":[[[141.975,39.8],[141.975,39.80416666666667],[141.98125,39.80416666666667],[141.98125,39.8],[141.975,39.8]]]}},{"type":"Feature","id":"594157751","properties":{"meshId":"594157751","cityCode":"03202","population":{"2020":8.0421,"2025":6.7132,"2030":5.5472,"2035":4.4284,"2040":3.5159,"2045":2.8719,"2050":0.0,"2055":0.0,"2060":0.0,"2065":0.0,"2070":0.0}},"geometry":{"type":"Polygon","coordinates":[[[141.9375,39.80833333333333],[141.9375,39.8125],[141.94375,39.8125],[141.94375,39.80833333333333],[141.9375,39.80833333333333]]]}},{"type":"Feature","id":"594157753","properties":{"meshId":"594157753","cityCode":"03202","population":{"2020":4.0227,"2025":2.8397,"2030":1.779,"2035":1.2016,"2040":0.9424,"2045":0.7856,"2050":0.0,"2055":0.0,"2060":0.0,"2065":0.0,"2070":0.0}},"geometry":{"type":"Polygon","coordinates":[[[141.9375,39.8125],[141.9375,39.81666666666667],[141.94375,39.81666666666667],[141.94375,39.8125],[141.9375,39.8125]]]}},{"type":"Feature","id":"594157761","properties":{"meshId":"594157761","cityCode":"03202","population":{"2020":1.013,"2025":0.9078,"2030":0.7944,"2035":0.646,"2040":0.444,"2045":0.2309,"2050":0.0673,"2055":0.0207,"2060":0.0065,"2065":0.002,"2070":0.0007}},"geometry":{"type":"Polygon","coordinates":[[[141.95,39.80833333333333],[141.95,39.8125],[141.95625,39.8125],[141.95625,39.80833333333333],[141.95,39.80833333333333]]]}},{"type":"Feature","id":"594157762","properties":{"meshId":"594157762","cityCode":"03202","population":{"2020":145.8751,"2025":131.7803,"2030":116.3665,"2035":102.1987,"2040":88.8324,"2045":77.0616,"2050":66.734,"2055":58.1241,"2060":51.106,"2065":44.5453,"2070":38.3506}},"geometry":{"type":"Polygon","coordinates":[[[141.95625,39.80833333333333],[141.95625,39.8125],[141.9625,39.8125],[141.9625,39.80833333333333],[141.95625,39.80833333333333]]]}},{"type":"Feature","id":"594157764","properties":{"meshId":"594157764","cityCode":"03202","population":{"2020":10.0514,"2025":9.3064,"2030":8.3348,"2035":7.859,"2040":7.5415,"2045":7.4072,"2050":7.1843,"2055":6.7194,"2060":6.19,"2065":5.6925,"2070":5.1518}},"geometry":{"type":"Polygon","coordinates":[[[141.95625,39.8125],[141.95625,39.81666666666667],[141.9625,39.81666666666667],[141.9625,39.8125],[141.95625,39.8125]]]}},{"type":"Feature","id":"594157771","properties":{"meshId":"594157771","cityCode":"03202","population":{"2020":20.1142,"2025":16.7262,"2030":15.79,"2035":14.5787,"2040":13.5139,"2045":11.9592,"2050":10.4398,"2055":9.2674,"2060":8.3533,"2065":7.6958,"2070":7.1702}},"geometry":{"type":"Polygon","coordinates":[[[141.9625,39.80833333333333],[141.9625,39.8125],[141.96875,39.8125],[141.96875,39.80833333333333],[141.9625,39.80833333333333]]]}},{"type":"Feature","id":"594157773","properties":{"meshId":"594157773","cityCode":"03202","population":{"2020":1.0042,"2025":0.7818,"2030":0.4793,"2035":0.1799,"2040":0.0703,"2045":0.0288,"2050":0.0116,"2055":0.0046,"2060":0.0018,"2065":0.0008,"2070":0.0003}},"geometry":{"type":"Polygon","coordinates":[[[141.9625,39.8125],[141.9625,39.81666666666667],[141.96875,39.81666666666667],[141.96875,39.8125],[141.9625,39.8125]]]}},{"type":"Feature","id":"594157851","properties":{"meshId":"594157851","cityCode":"03202","population":{"2020":1.0162,"2025":1.0239,"2030":1.033,"2035":1.0148,"2040":0.0,"2045":0.0,"2050":0.0,"2055":0.0,"2060":0.0,"2065":0.0,"2070":0.0}},"geometry":{"type":"Polygon","coordinates":[[[141.9375,39.81666666666667],[141.9375,39.82083333333334],[141.94375,39.82083333333334],[141.94375,39.81666666666667],[141.9375,39.81666666666667]]]}},{"type":"Feature","id":"594157863","properties":{"meshId":"594157863","cityCode":"03202","population":{"2020":10.044,"2025":9.3967,"2030":8.5729,"2035":7.9568,"2040":7.4185,"2045":6.7514,"2050":0.0,"2055":0.0,"2060":0.0,"2065":0.0,"2070":0.0}},"geometry":{"type":"Polygon","coordinates":[[[141.95,39.82083333333334],[141.95,39.825],[141.95625,39.825],[141.95625,39.82083333333334],[141.95,39.82083333333334]]]}},{"type":"Feature","id":"594220002","properties":{"meshId":"594220002","cityCode":"03202","population":{"2020":12.0737,"2025":11.6757,"2030":10.799,"2035":9.7556,"2040":8.4794,"2045":7.0368,"2050":5.5995,"2055":0.0,"2060":0.0,"2065":0.0,"2070":0.0}},"geometry":{"type":"Polygon","coordinates":[[[142.00625,39.5],[142.00625,39.50416666666667],[142.0125,39.50416666666667],[142.0125,39.5],[142.00625,39.5]]]}},{"type":"Feature","id":"594220214","properties":{"meshId":"594220214","cityCode":"03202","population":{"2020":54.2995,"2025":50.6867,"2030":46.3292,"2035":41.9869,"2040":37.9563,"2045":33.5765,"2050":29.5608,"2055":25.9866,"2060":23.1355,"2065":20.0683,"2070":17.689}},"geometry":{"type":"Polygon","coordinates":[[[142.01875,39.520833333333336],[142.01875,39.525],[142.025,39.525],[142.025,39.520833333333336],[142.01875,39.520833333333336]]]}},{"type":"Feature","id":"594220223","properties":{"meshId":"594220223","cityCode":"03202","population":{"2020":44.2405,"2025":39.9756,"2030":36.3703,"2035":33.4105,"2040":31.0418,"2045":28.9476,"2050":26.7327,"2055":24.4136,"2060":22.1711,"2065":19.7835,"2070":17.8279}},"geometry":{"type":"Polygon","coordinates":[[[142.025,39.520833333333336],[142.025,39.525],[142.03125,39.525],[142.03125,39.520833333333336],[142.025,39.520833333333336]]]}},{"type":"Feature","id":"594220312","properties":{"meshId":"594220312","cityCode":"03202","population":{"2020":4.0299,"2025":4.2629,"2030":4.3655,"2035":4.3125,"2040":0.0,"2045":0.0,"2050":0.0,"2055":0.0,"2060":0.0,"2065":0.0,"2070":0.0}},"geometry":{"type":"Polygon","coordinates":[[[142.01875,39.525],[142.01875,39.52916666666667],[142.025,39.52916666666667],[142.025,39.525],[142.01875,39.525]]]}},{"type":"Feature","id":"594220321","properties":{"meshId":"594220321","cityCode":"03202","population":{"2020":7.0607,"2025":6.2209,"2030":5.7411,"2035":5.3091,"2040":4.7841,"2045":4.1243,"2050":3.3448,"2055":2.7263,"2060":2.1325,"2065":1.8083,"2070":1.5457}},"geometry":{"type":"Polygon","coordinates":[[[142.025,39.525],[142.025,39.52916666666667],[142.03125,39.52916666666667],[142.03125,39.525],[142.025,39.525]]]}},{"type":"Feature","id":"594220323","properties":{"meshId":"594220323","cityCode":"03202","population":{"2020":50.2893,"2025":43.0481,"2030":37.254,"2035":32.7171,"2040":28.9169,"2045":25.0894,"2050":20.9912,"2055":17.0107,"2060":13.6784,"2065":11.5214,"2070":9.8789}},"geometry":{"type":"Polygon","coordinates":[[[142.025,39.52916666666667],[142.025,39.53333333333334],[142.03125,39.53333333333334],[142.03125,39.52916666666667],[142.025,39.52916666666667]]]}},{"type":"Feature","id":"594220324","properties":{"meshId":"594220324","cityCode":"03202","population":{"2020":64.3764,"2025":61.8151,"2030":57.4864,"2035":53.5414,"2040":50.5808,"2045":47.1264,"2050":43.0944,"2055":38.8255,"2060":35.1018,"2065":32.041,"2070":28.8919}},"geometry":{"type":"Polygon","coordinates":[[[142.03125,39.52916666666667],[142.03125,39.53333333333334],[142.0375,39.53333333333334],[142.0375,39.52916666666667],[142.03125,39.52916666666667]]]}},{"type":"Feature","id":"594220422","properties":{"meshId":"594220422","cityCode":"03202","population":{"2020":15.1112,"2025":15.1059,"2030":14.1838,"2035":13.0079,"2040":11.6998,"2045":10.5105,"2050":9.4245,"2055":8.2769,"2060":6.9043,"2065":5.5625,"2070":4.4239}},"geometry":{"type":"Polygon","coordinates":[[[142.03125,39.53333333333333],[142.03125,39.5375],[142.0375,39.5375],[142.0375,39.53333333333333],[142.03125,39.53333333333333]]]}},{"type":"Feature","id":"594220431","properties":{"meshId":"594220431","cityCode":"03202","population":{"2020":12.072,"2025":11.1217,"2030":9.8226,"2035":8.4859,"2040":7.2916,"2045":5.9741,"2050":5.1116,"2055":4.4466,"2060":3.9797,"2065":3.5171,"2070":3.0296}},"geometry":{"type":"Polygon","coordinates":[[[142.0375,39.53333333333333],[142.0375,39.5375],[142.04375,39.5375],[142.04375,39.53333333333333],[142.0375,39.53333333333333]]]}},{"type":"Feature","id":"594220432","properties":{"meshId":"594220432","cityCode":"03202","population":{"2020":12.0835,"2025":11.2106,"2030":10.1675,"2035":9.2587,"2040":8.0599,"2045":7.0129,"2050":6.2058,"2055":5.6741,"2060":5.1869,"2065":4.6163,"2070":3.9823}},"geometry":{"type":"Polygon","coordinates":[[[142.04375,39.53333333333333],[142.04375,39.5375],[142.05,39.5375],[142.05,39.53333333333333],[142.04375,39.53333333333333]]]}},{"type":"Feature","id":"594220812","properties":{"meshId":"594220812","cityCode":"03202","population":{"2020":23.1579,"2025":21.0854,"2030":19.7004,"2035":18.1565,"2040":15.9415,"2045":14.7432,"2050":13.2382,"2055":11.9248,"2060":10.8598,"2065":9.7782,"2070":8.7859}},"geometry":{"type":"Polygon","coordinates":[[[142.01875,39.56666666666667],[142.01875,39.57083333333334],[142.025,39.57083333333334],[142.025,39.56666666666667],[142.01875,39.56666666666667]]]}},{"type":"Feature","id":"594220813","properties":{"meshId":"594220813","cityCode":"03202","population":{"2020":5.0269,"2025":4.4516,"2030":3.8055,"2035":3.174,"2040":2.6114,"2045":2.1359,"2050":1.6389,"2055":1.128,"2060":0.8859,"2065":0.7135,"2070":0.518}},"geometry":{"type":"Polygon","coordinates":[[[142.0125,39.57083333333334],[142.0125,39.575],[142.01875,39.575],[142.01875,39.57083333333334],[142.0125,39.57083333333334]]]}},{"type":"Feature","id":"594220814","properties":{"meshId":"594220814","cityCode":"03202","population":{"2020":18.1315,"2025":15.3379,"2030":12.5742,"2035":10.4587,"2040":9.0177,"2045":7.6455,"2050":6.1105,"2055":4.5311,"2060":2.9297,"2065":2.2677,"2070":1.8748}},"geometry":{"type":"Polygon","coordinates":[[[142.01875,39.57083333333334],[142.01875,39.575],[142.025,39.575],[142.025,39.57083333333334],[142.01875,39.57083333333334]]]}},{"type":"Feature","id":"594220912","properties":{"meshId":"594220912","cityCode":"03202","population":{"2020":116.8038,"2025":107.5589,"2030":98.0851,"2035":89.1769,"2040":79.3831,"2045":69.9301,"2050":60.4916,"2055":52.0219,"2060":44.2886,"2065":38.7647,"2070":33.8788}},"geometry":{"type":"Polygon","coordinates":[[[142.01875,39.575],[142.01875,39.57916666666667],[142.025,39.57916666666667],[142.025,39.575],[142.01875,39.575]]]}},{"type":"Feature","id":"594220914","properties":{"meshId":"594220914","cityCode":"03202","population":{"2020":187.2817,"2025":173.0915,"2030":161.386,"2035":150.3212,"2040":137.8842,"2045":125.9425,"2050":113.1288,"2055":101.4526,"2060":90.5738,"2065":80.3723,"2070":71.05}},"geometry":{"type":"Polygon","coordinates":[[[142.01875,39.57916666666667],[142.01875,39.58333333333334],[142.025,39.58333333333334],[142.025,39.57916666666667],[142.01875,39.57916666666667]]]}},{"type":"Feature","id":"594230011","properties":{"meshId":"594230011","cityCode":"03202","population":{"2020":7.0439,"2025":6.9448,"2030":7.1229,"2035":6.883,"2040":6.4979,"2045":6.0727,"2050":5.5011,"2055":4.863,"2060":4.2848,"2065":3.7191,"2070":3.395}},"geometry":{"type":"Polygon","coordinates":[[[142.0125,39.583333333333336],[142.0125,39.5875],[142.01875,39.5875],[142.01875,39.583333333333336],[142.0125,39.583333333333336]]]}},{"type":"Feature","id":"594230012","properties":{"meshId":"594230012","cityCode":"03202","population":{"2020":95.6356,"2025":87.9317,"2030":78.4184,"2035":70.0446,"2040":61.8134,"2045":54.4832,"2050":47.4722,"2055":40.5438,"2060":34.1974,"2065":29.0767,"2070":25.3729}},"geometry":{"type":"Polygon","coordinates":[[[142.01875,39.583333333333336],[142.01875,39.5875],[142.025,39.5875],[142.025,39.583333333333336],[142.01875,39.583333333333336]]]}},{"type":"Feature","id":"594230013","properties":{"meshId":"594230013","cityCode":"03202","population":{"2020":5.041,"2025":4.7863,"2030":4.4727,"2035":4.0459,"2040":3.4975,"2045":2.7689,"2050":1.9445,"2055":1.1459,"2060":0.6228,"2065":0.2537,"2070":0.1047}},"geometry":{"type":"Polygon","coordinates":[[[142.0125,39.5875],[142.0125,39.591666666666676],[142.01875,39.591666666666676],[142.01875,39.5875],[142.0125,39.5875]]]}},{"type":"Feature","id":"594230014","properties":{"meshId":"594230014","cityCode":"03202","population":{"2020":45.2288,"2025":40.4018,"2030":37.2842,"2035":35.0065,"2040":33.3137,"2045":31.117,"2050":28.5329,"2055":26.1915,"2060":24.1999,"2065":22.0688,"2070":19.6333}},"geometry":{"type":"Polygon","coordinates":[[[142.01875,39.5875],[142.01875,39.591666666666676],[142.025,39.591666666666676],[142.025,39.5875],[142.01875,39.5875]]]}},{"type":"Feature","id":"594230102","properties":{"meshId":"594230102","cityCode":"03202","population":{"2020":9.0615,"2025":8.6672,"2030":8.1473,"2035":7.3649,"2040":6.4066,"2045":6.3184,"2050":5.9285,"2055":5.6176,"2060":5.3842,"2065":5.0703,"2070":4.8509}},"geometry":{"type":"Polygon","coordinates":[[[142.00625,39.59166666666667],[142.00625,39.59583333333334],[142.0125,39.59583333333334],[142.0125,39.59166666666667],[142.00625,39.59166666666667]]]}},{"type":"Feature","id":"594230111","properties":{"meshId":"594230111","cityCode":"03202","population":{"2020":73.457,"2025":65.8014,"2030":58.8321,"2035":52.7686,"2040":47.4816,"2045":42.3302,"2050":37.0724,"2055":31.9841,"2060":27.9023,"2065":24.3391,"2070":21.0502}},"geometry":{"type":"Polygon","coordinates":[[[142.0125,39.59166666666667],[142.0125,39.59583333333334],[142.01875,39.59583333333334],[142.01875,39.59166666666667],[142.0125,39.59166666666667]]]}},{"type":"Feature","id":"594230112","properties":{"meshId":"594230112","cityCode":"03202","population":{"2020":36.2334,"2025":34.9544,"2030":32.5874,"2035":29.5696,"2040":27.3533,"2045":25.1833,"2050":23.1068,"2055":20.8975,"2060":18.8182,"2065":16.9386,"2070":15.1744}},"geometry":{"type":"Polygon","coordinates":[[[142.01875,39.59166666666667],[142.01875,39.59583333333334],[142.025,39.59583333333334],[142.025,39.59166666666667],[142.01875,39.59166666666667]]]}},{"type":"Feature","id":"594230113","properties":{"meshId":"594230113","cityCode":"03202","population":{"2020":64.3959,"2025":57.2225,"2030":51.0209,"2035":45.8475,"2040":40.7991,"2045":36.3852,"2050":32.1334,"2055":27.8848,"2060":23.7763,"2065":20.3528,"2070":17.5809}},"geometry":{"type":"Polygon","coordinates":[[[142.0125,39.59583333333334],[142.0125,39.6],[142.01875,39.6],[142.01875,39.59583333333334],[142.0125,39.59583333333334]]]}},{"type":"Feature","id":"594230121","properties":{"meshId":"594230121","cityCode":"03202","population":{"2020":99.5356,"2025":90.3929,"2030":83.6967,"2035":78.5878,"2040":73.1192,"2045":67.1334,"2050":60.8632,"2055":55.5496,"2060":51.1273,"2065":47.3542,"2070":43.2395}},"geometry":{"type":"Polygon","coordinates":[[[142.025,39.59166666666667],[142.025,39.59583333333334],[142.03125,39.59583333333334],[142.03125,39.59166666666667],[142.025,39.59166666666667]]]}},{"type":"Feature","id":"594230123","properties":{"meshId":"594230123","cityCode":"03202","population":{"2020":36.2587,"2025":35.9515,"2030":34.3645,"2035":32.7541,"2040":31.8646,"2045":29.8391,"2050":27.9371,"2055":25.7688,"2060":23.297,"2065":21.1245,"2070":19.6911}},"geometry":{"type":"Polygon","coordinates":[[[142.025,39.59583333333334],[142.025,39.6],[142.03125,39.6],[142.03125,39.59583333333334],[142.025,39.59583333333334]]]}},{"type":"Feature","id":"594230213","properties":{"meshId":"594230213","cityCode":"03202","population":{"2020":11.0629,"2025":10.39,"2030":9.9185,"2035":10.0127,"2040":9.6774,"2045":9.0475,"2050":8.1473,"2055":7.0629,"2060":5.9928,"2065":5.3217,"2070":4.7397}},"geometry":{"type":"Polygon","coordinates":[[[142.0125,39.60416666666667],[142.0125,39.60833333333334],[142.01875,39.60833333333334],[142.01875,39.60416666666667],[142.0125,39.60416666666667]]]}},{"type":"Feature","id":"594230214","properties":{"meshId":"594230214","cityCode":"03202","population":{"2020":25.1659,"2025":22.4361,"2030":20.966,"2035":19.3067,"2040":17.4155,"2045":15.673,"2050":13.687,"2055":12.0679,"2060":10.5979,"2065":9.2211,"2070":8.0793}},"geometry":{"type":"Polygon","coordinates":[[[142.01875,39.60416666666667],[142.01875,39.60833333333334],[142.025,39.60833333333334],[142.025,39.60416666666667],[142.01875,39.60416666666667]]]}},{"type":"Feature","id":"594230312","properties":{"meshId":"594230312","cityCode":"03202","population":{"2020":15.0808,"2025":14.6475,"2030":14.139,"2035":13.0738,"2040":12.2395,"2045":11.799,"2050":11.0391,"2055":10.2853,"2060":9.4878,"2065":8.9764,"2070":8.4238}},"geometry":{"type":"Polygon","coordinates":[[[142.01875,39.608333333333334],[142.01875,39.6125],[142.025,39.6125],[142.025,39.608333333333334],[142.01875,39.608333333333334]]]}},{"type":"Feature","id":"594230314","properties":{"meshId":"594230314","cityCode":"03202","population":{"2020":4.0235,"2025":3.0871,"2030":2.5039,"2035":1.973,"2040":1.5004,"2045":1.1399,"2050":0.9467,"2055":0.8115,"2060":0.6722,"2065":0.4915,"2070":0.2821}},"geometry":{"type":"Polygon","coordinates":[[[142.01875,39.6125],[142.01875,39.616666666666674],[142.025,39.616666666666674],[142.025,39.6125],[142.01875,39.6125]]]}},{"type":"Feature","id":"594230504","properties":{"meshId":"594230504","cityCode":"03202","population":{"2020":7.0468,"2025":6.9788,"2030":6.7558,"2035":6.478,"2040":6.1951,"2045":6.2081,"2050":6.1601,"2055":6.0596,"2060":5.9883,"2065":5.6761,"2070":5.2772}},"geometry":{"type":"Polygon","coordinates":[[[142.00625,39.62916666666667],[142.00625,39.63333333333334],[142.0125,39.63333333333334],[142.0125,39.62916666666667],[142.00625,39.62916666666667]]]}},{"type":"Feature","id":"594230511","properties":{"meshId":"594230511","cityCode":"03202","population":{"2020":6.0509,"2025":5.4866,"2030":4.7078,"2035":3.8757,"2040":3.3515,"2045":2.8911,"2050":2.473,"2055":2.0723,"2060":1.5988,"2065":1.0814,"2070":0.7982}},"geometry":{"type":"Polygon","coordinates":[[[142.0125,39.625],[142.0125,39.62916666666667],[142.01875,39.62916666666667],[142.01875,39.625],[142.0125,39.625]]]}},{"type":"Feature","id":"594230513","properties":{"meshId":"594230513","cityCode":"03202","population":{"2020":13.1082,"2025":11.8542,"2030":10.2449,"2035":8.7822,"2040":7.1822,"2045":5.5707,"2050":4.3221,"2055":3.1885,"2060":2.276,"2065":1.7852,"2070":1.401}},"geometry":{"type":"Polygon","coordinates":[[[142.0125,39.62916666666667],[142.0125,39.63333333333334],[142.01875,39.63333333333334],[142.01875,39.62916666666667],[142.0125,39.62916666666667]]]}},{"type":"Feature","id":"594230514","properties":{"meshId":"594230514","cityCode":"03202","population":{"2020":2.0113,"2025":1.5558,"2030":1.0894,"2035":0.8514,"2040":0.6645,"2045":0.4559,"2050":0.243,"2055":0.075,"2060":0.0236,"2065":0.0076,"2070":0.0025}},"geometry":{"type":"Polygon","coordinates":[[[142.01875,39.62916666666667],[142.01875,39.63333333333334],[142.025,39.63333333333334],[142.025,39.62916666666667],[142.01875,39.62916666666667]]]}},{"type":"Feature","id":"594230602","properties":{"meshId":"594230602","cityCode":"03202","population":{"2020":5.0409,"2025":4.4181,"2030":4.6141,"2035":4.5309,"2040":0.0,"2045":0.0,"2050":0.0,"2055":0.0,"2060":0.0,"2065":0.0,"2070":0.0}},"geometry":{"type":"Polygon","coordinates":[[[142.00625,39.63333333333333],[142.00625,39.6375],[142.0125,39.6375],[142.0125,39.63333333333333],[142.00625,39.63333333333333]]]}},{"type":"Feature","id":"594230611","properties":{"meshId":"594230611","cityCode":"03202","population":{"2020":7.0327,"2025":6.9367,"2030":6.71,"2035":6.6578,"2040":6.3321,"2045":5.8934,"2050":5.6528,"2055":5.3513,"2060":5.0278,"2065":4.7051,"2070":4.3372}},"geometry":{"type":"Polygon","coordinates":[[[142.0125,39.63333333333333],[142.0125,39.6375],[142.01875,39.6375],[142.01875,39.63333333333333],[142.0125,39.63333333333333]]]}},{"type":"Feature","id":"594230613","properties":{"meshId":"594230613","cityCode":"03202","population":{"2020":9.0604,"2025":7.5157,"2030":7.0783,"2035":6.4324,"2040":5.7161,"2045":5.2094,"2050":4.9375,"2055":4.7313,"2060":4.4369,"2065":4.0473,"2070":3.5755}},"geometry":{"type":"Polygon","coordinates":[[[142.0125,39.6375],[142.0125,39.64166666666667],[142.01875,39.64166666666667],[142.01875,39.6375],[142.0125,39.6375]]]}},{"type":"Feature","id":"594230614","properties":{"meshId":"594230614","cityCode":"03202","population":{"2020":6.0161,"2025":6.0042,"2030":5.534,"2035":5.4933,"2040":5.9754,"2045":6.2703,"2050":6.4547,"2055":6.38,"2060":6.0223,"2065":5.6459,"2070":5.1561}},"geometry":{"type":"Polygon","coordinates":[[[142.01875,39.6375],[142.01875,39.64166666666667],[142.025,39.64166666666667],[142.025,39.6375],[142.01875,39.6375]]]}},{"type":"Feature","id":"594230711","properties":{"meshId":"594230711","cityCode":"03202","population":{"2020":10.0821,"2025":9.64,"2030":9.0521,"2035":8.2769,"2040":7.1564,"2045":5.788,"2050":4.4618,"2055":3.479,"2060":2.641,"2065":2.0565,"2070":0.0}},"geometry":{"type":"Polygon","coordinates":[[[142.0125,39.641666666666666],[142.0125,39.645833333333336],[142.01875,39.645833333333336],[142.01875,39.641666666666666],[142.0125,39.641666666666666]]]}},{"type":"Feature","id":"594230712","properties":{"meshId":"594230712","cityCode":"03202","population":{"2020":7.0469,"2025":6.0571,"2030":4.8876,"2035":3.8438,"2040":3.044,"2045":2.3422,"2050":1.7268,"2055":1.0884,"2060":0.6254,"2065":0.3246,"2070":0.0}},"geometry":{"type":"Polygon","coordinates":[[[142.01875,39.641666666666666],[142.01875,39.645833333333336],[142.025,39.645833333333336],[142.025,39.641666666666666],[142.01875,39.641666666666666]]]}},{"type":"Feature","id":"594230713","properties":{"meshId":"594230713","cityCode":"03202","population":{"2020":7.0375,"2025":6.9355,"2030":6.4213,"2035":5.7825,"2040":5.5751,"2045":5.2456,"2050":4.9449,"2055":4.7036,"2060":4.3476,"2065":4.1404,"2070":0.0}},"geometry":{"type":"Polygon","coordinates":[[[142.0125,39.645833333333336],[142.0125,39.65],[142.01875,39.65],[142.01875,39.645833333333336],[142.0125,39.645833333333336]]]}},{"type":"Feature","id":"594230714","properties":{"meshId":"594230714","cityCode":"03202","population":{"2020":9.056,"2025":8.0383,"2030":7.7893,"2035":7.5367,"2040":7.1675,"2045":6.8521,"2050":6.3601,"2055":5.9114,"2060":5.4822,"2065":4.9723,"2070":0.0}},"geometry":{"type":"Polygon","coordinates":[[[142.01875,39.645833333333336],[142.01875,39.65],[142.025,39.65],[142.025,39.645833333333336],[142.01875,39.645833333333336]]]}},{"type":"Feature","id":"594230812","properties":{"meshId":"594230812","cityCode":"03202","population":{"2020":3.0168,"2025":2.6956,"2030":2.269,"2035":0.0,"2040":0.0,"2045":0.0,"2050":0.0,"2055":0.0,"2060":0.0,"2065":0.0,"2070":0.0}},"geometry":{"type":"Polygon","coordinates":[[[142.01875,39.65],[142.01875,39.654166666666676],[142.025,39.654166666666676],[142.025,39.65],[142.01875,39.65]]]}}]}
